X0,X1,X2,X3,X4,X5,Y,T
1,4,2,2,5,3,16.349070827807953,1
1,3,1,2,2,2,34.58473259,1
0,5,5,3,4,5,26.301946344029457,1
1,4,4,4,3,4,26.58160552897395,1
1,5,2,3,5,4,64.12033827810897,1
0,5,5,3,5,5,28.43062926459439,1
0,4,3,4,4,4,24.65483234714004,1
1,4,3,3,4,4,7.766454095941596,1
0,5,3,4,5,4,26.45658181,1
0,4,2,4,4,4,27.030157933351354,1
1,5,2,4,4,4,20.539973069813087,1
0,4,5,3,4,4,22.57846014901784,1
0,4,5,5,4,4,24.14778444077756,1
0,5,3,4,4,4,22.25024104427798,1
0,5,2,4,4,4,26.682676272430125,1
0,4,2,3,4,3,17.650173560040006,1
1,3,2,4,3,3,16.551115361274068,1
0,4,3,4,5,4,23.627628573678823,1
0,5,4,4,5,5,27.61413843888071,1
0,4,2,4,4,4,23.854329560815287,1
0,4,3,4,4,4,21.58894645941278,1
0,4,2,4,4,3,34.43356780953318,1
0,5,4,4,5,4,18.14260084262302,1
0,4,5,4,5,5,21.72548640950128,1
0,5,4,4,5,4,23.96492662503348,1
1,4,2,2,4,3,11.11701274,1
0,5,4,4,4,5,50.165016501650165,1
1,4,3,4,4,4,34.82871046699496,1
0,4,3,4,4,4,23.833641184531967,1
0,5,4,4,4,5,25.338105343172963,1
1,5,3,5,4,4,26.153558752101624,1
0,3,5,4,4,5,23.29102131,1
1,4,4,5,5,5,26.38696483936935,1
1,4,2,3,4,4,23.27340432,1
1,3,3,3,3,3,8.662925566,1
0,5,4,4,5,5,17.107664233576642,1
1,1,3,2,3,2,91.64067146515832,1
0,5,4,5,5,5,28.4373667,1
1,2,2,2,4,3,12.953228052374218,1
1,5,3,4,5,4,26.91951066311728,1
1,3,2,1,4,3,5.846167836982858,1
1,4,1,2,3,2,16.619209590391883,1
1,3,5,4,5,5,28.39564600094652,1
0,4,4,3,5,4,25.401341190814875,1
1,2,1,1,3,2,12.858134770396571,1
0,3,4,4,4,4,24.91777135453005,1
0,5,4,5,4,5,26.45590131948808,1
0,4,3,4,4,4,9.5203842,1
1,3,3,3,4,3,18.10321730377923,1
0,4,5,4,5,5,27.303754266211605,1
1,2,3,3,4,3,4.837461300309598,1
1,4,3,3,4,4,7.527916022,1
0,3,5,4,5,5,30.43831168831169,1
1,5,4,5,4,5,24.947610018960184,1
0,4,3,2,4,3,24.040628662439524,1
0,4,3,4,4,4,26.53106345346009,1
1,5,4,4,5,5,15.348932396479976,1
1,4,2,3,4,3,48.51228978007762,1
1,2,1,1,2,1,37.87308631664813,1
0,4,5,3,5,5,22.58185923974408,1
0,5,4,4,5,4,12.336997421567538,1
0,4,3,4,3,4,21.97372918599541,1
1,4,2,2,3,3,12.347447288747524,1
1,4,3,5,4,4,32.01561142195051,1
0,4,4,4,4,4,23.65604116151162,1
0,4,5,4,5,5,26.98084360104325,1
0,5,4,5,3,5,24.98646566443177,1
0,5,3,2,5,4,30.31221582297666,1
0,5,3,3,4,4,17.50087504375219,1
1,1,2,1,2,1,51.44978133842931,1
0,5,5,4,4,5,22.365110427732738,1
0,3,2,3,2,2,0.0,1
0,1,4,2,3,2,47.05882352941177,1
0,4,5,3,3,4,20.080321285140563,1
1,2,2,1,3,2,28.95656515,1
0,1,3,1,1,1,39.55696202531646,1
0,2,4,5,2,3,47.460844803037496,1
0,1,2,1,2,1,64.56770385,1
0,2,3,1,1,1,69.39986467,1
0,2,2,1,2,1,21.87386073641997,1
0,2,3,1,2,2,21.55482109498492,1
0,4,4,3,3,4,0.0,1
1,3,3,1,3,2,53.709502528400165,1
0,4,4,3,4,4,20.244964065188785,1
0,5,3,3,4,4,20.659022828220227,1
0,5,5,4,5,5,25.89667227761233,1
0,3,4,3,3,3,15.688735487919674,1
0,1,1,2,1,1,22.41901132160072,1
0,1,3,3,2,2,0.0,1
0,2,3,3,3,3,28.69440459110473,1
0,2,4,3,1,2,41.649312786339024,1
0,4,4,2,2,3,0.0,1
0,4,4,3,5,4,17.857142857142858,1
0,4,5,4,5,5,16.586957122715837,0
1,3,3,2,4,3,52.27146836015822,0
1,2,3,1,3,2,19.556147873449994,0
0,4,4,5,3,4,47.01103819176743,0
0,5,4,3,4,4,34.639878493964666,0
0,5,4,2,5,4,21.682567215958368,0
0,5,3,5,4,4,64.02679275,0
1,2,2,2,3,2,39.35381476411314,0
1,4,3,5,4,4,69.73466451,0
0,4,4,4,4,4,15.710338326756554,0
1,2,2,2,4,2,61.49473058929294,0
1,4,1,2,4,3,29.92927636542892,0
0,4,3,3,4,3,38.670591015532686,0
1,2,2,3,3,2,26.076692926353928,0
1,5,4,3,5,4,4.427129449265096,0
0,5,4,5,2,4,26.92659809359685,1
0,5,5,4,5,5,23.82200200104817,1
0,3,2,4,3,3,39.03200625,1
1,3,1,1,3,2,33.84563941752878,1
0,4,2,3,3,3,24.128039462748987,1
0,5,4,4,4,4,27.036770007209807,1
0,5,4,4,5,5,19.19385796545105,1
0,4,3,4,3,4,25.27988443481401,1
0,4,5,4,4,5,26.81204754669765,1
0,4,3,2,5,3,26.450361488273675,1
0,5,4,5,4,5,26.312327325351927,1
0,4,3,4,3,4,23.449407902450464,1
1,5,2,3,5,4,23.75014843842774,1
0,5,5,3,5,4,24.826216484607745,1
0,4,3,4,4,4,23.74169040835708,1
1,3,2,2,3,2,17.495431748376813,1
1,5,3,3,4,4,27.45167697450224,1
1,5,3,4,5,4,32.316050978570416,1
0,5,3,4,5,4,23.08269375036067,1
0,5,3,3,4,4,25.84647195657793,1
0,5,5,4,3,4,24.52182442373713,1
0,4,3,3,4,4,26.75513698630137,1
1,3,2,1,4,2,20.76118820432331,1
0,5,3,5,5,5,28.091465812686103,1
0,4,2,5,5,4,24.61841457410143,1
1,3,4,4,2,3,59.72054902,1
1,5,2,3,4,4,22.16557685913776,1
0,5,4,4,4,4,22.85975540061721,1
0,5,4,4,5,5,27.01729106628242,1
0,5,3,4,5,4,23.92344497607656,1
0,5,4,3,5,4,22.24364202565433,1
0,4,4,3,4,4,24.304617877396705,1
0,5,3,4,3,4,22.28660574994428,1
0,5,4,4,5,5,22.863675335810232,1
1,4,4,4,4,4,17.959522000414452,1
0,5,4,3,5,4,23.054755043227665,1
0,5,4,5,5,5,28.06229830223096,1
0,5,3,4,4,4,23.64765001477978,1
0,5,5,5,5,5,30.671710459053266,1
1,5,5,4,5,5,28.70470039468963,1
1,5,3,5,5,5,23.77932783766645,1
0,5,3,4,5,4,27.35354456348302,1
1,5,2,2,4,3,29.46169278469114,1
1,5,3,4,4,4,25.37910031089398,1
0,5,3,4,5,4,24.38429651,1
1,5,3,3,5,4,20.61100169468236,1
0,5,4,5,4,5,20.36245163917736,1
0,4,4,5,4,5,26.518164942985944,1
0,4,4,5,4,5,21.97802197802197,1
0,5,4,4,5,5,23.07337332718044,1
0,3,3,5,5,4,25.03755633450175,1
0,5,4,4,4,4,24.263992235522483,1
1,5,2,3,5,4,29.279718914698417,1
0,5,5,5,5,5,25.08906618,1
0,5,3,4,4,4,27.23064355087592,1
1,5,4,5,5,5,45.584517840122665,1
0,4,3,5,3,4,24.64268112370626,1
0,4,3,2,4,3,14.261492385947676,1
0,5,3,5,4,4,23.99808015358771,1
1,2,2,3,2,2,22.715323399845843,1
0,5,3,4,4,4,22.74795268425841,1
0,5,5,5,5,5,25.90385967509159,1
1,4,1,2,4,3,26.821945542798307,1
0,5,3,5,5,5,28.13994934809117,1
0,4,4,5,5,5,25.195263290501387,1
1,4,4,3,3,3,28.268329263217407,1
0,4,4,4,4,5,23.26528238236492,1
0,5,3,5,5,4,23.492100781112352,1
0,4,3,4,5,4,23.994241382068303,1
0,4,4,4,4,4,22.31368076560718,1
0,4,2,4,3,4,23.679848448969928,1
1,3,2,1,3,2,15.459464375028418,1
0,4,2,3,4,3,25.37330474607665,1
0,5,3,4,4,4,29.099374363451187,1
0,5,4,3,3,4,27.629397679130594,1
1,2,2,1,2,1,11.836405918950522,1
0,2,4,4,2,3,0.0,1
0,4,2,2,3,2,40.58112166220274,1
1,3,3,2,4,3,24.56706138,1
0,3,3,2,3,3,31.25907071248353,1
0,5,4,1,4,3,23.407143860306164,1
1,2,2,1,2,1,17.23943407721642,1
0,4,4,3,4,4,39.814680758650645,1
1,2,3,1,2,2,13.66120218579235,1
1,4,3,2,4,3,23.87972922463557,1
0,5,4,2,4,4,25.021446954532458,1
0,3,3,2,3,3,79.15254989569617,1
1,5,4,2,5,4,26.28532440005145,1
0,2,3,2,4,3,27.28364072901888,1
1,5,3,2,4,4,29.035838028225587,1
1,5,4,2,5,4,17.968734402140274,1
0,5,3,3,4,4,82.71427679630439,1
0,5,5,2,4,5,53.216465800594776,1
1,3,3,1,2,2,12.677541511491071,1
1,5,3,2,4,4,22.16919004212146,1
1,1,3,1,1,1,13.10929294642926,1
0,2,3,2,4,3,28.33663927458204,1
0,3,4,2,3,3,62.92258234277935,1
1,5,3,2,5,3,23.018781061203544,1
0,3,3,3,3,3,22.14103841470165,1
0,2,4,1,2,2,28.467724717101987,1
1,3,4,2,3,3,9.530428799561136,1
1,2,3,1,1,1,12.071891665423973,1
0,2,3,1,2,2,20.275955757864537,1
1,2,2,1,1,1,30.68120251158048,1
1,2,2,1,2,1,12.413275728537853,1
0,3,4,2,2,2,53.32195798229711,1
1,4,3,1,3,3,20.65500462155729,1
1,3,3,1,3,2,13.790306225917664,1
1,4,1,1,3,2,24.11672494875196,1
1,4,3,1,3,3,8.401550442054459,1
1,2,2,1,2,1,28.86250383,1
1,1,2,1,1,1,38.2226132,1
1,4,2,1,4,3,29.796043980639567,1
1,2,3,1,2,1,27.63025692550596,1
1,2,2,1,2,1,12.189499011590623,1
1,2,2,1,2,2,26.627521933567746,1
1,1,3,1,2,1,12.307326678889115,1
1,2,2,1,2,1,41.3389387,1
1,3,3,2,3,3,41.84614011203607,1
0,1,3,2,4,2,34.118048447628794,1
0,3,3,2,3,3,52.670147476412936,1
1,3,2,1,3,2,16.527155746329107,1
1,2,3,1,2,2,23.906335379769214,1
1,4,3,2,4,3,12.251183181575728,1
1,4,3,2,4,3,9.433368971,1
0,4,3,2,4,4,14.282313734825042,1
0,5,5,2,4,4,22.76176024279211,1
1,5,3,2,4,4,11.628697871070653,1
0,3,4,2,3,3,55.695826526065645,1
1,3,2,1,2,2,26.56830069623181,1
1,2,1,1,3,1,18.12363178503465,1
1,5,3,2,5,4,25.71146325290607,1
1,2,2,1,3,2,50.00239594813918,1
0,2,3,2,3,2,24.46034366782853,1
1,1,2,1,2,1,38.53202691,1
0,1,2,3,1,1,24.281667341157423,1
0,1,4,4,1,3,27.412280701754387,1
0,5,5,4,5,5,34.38789546,1
1,1,2,1,1,1,25.162360930179226,1
1,1,1,1,1,1,33.62743999103268,1
0,1,2,1,1,1,27.01680445236937,1
0,1,2,2,2,1,48.285852245292126,1
1,2,2,1,2,2,21.64970772894566,1
0,3,4,4,4,4,24.351637647631804,1
0,3,5,3,4,4,27.855153203342617,1
0,5,5,2,5,5,18.06032147372224,1
0,1,1,2,3,1,22.857142857142858,1
0,2,4,3,2,3,26.47165878031832,1
1,1,2,1,2,1,50.50482207980365,1
0,3,2,3,4,3,0.0,1
1,1,1,1,1,1,14.002125777277096,1
0,1,3,1,1,1,17.015162400272242,1
1,2,1,1,1,1,24.76780185758514,1
1,2,2,1,3,2,47.80725558,1
0,4,4,3,3,3,32.027329988256646,1
0,2,2,1,1,1,22.610661796677974,1
1,1,2,1,1,1,17.51927119831815,1
0,2,3,1,2,1,27.605244996549345,1
0,1,3,1,1,1,25.174649128327776,1
0,1,2,2,1,1,0.0,1
0,1,3,3,2,2,30.670142616163165,1
0,1,4,2,2,2,0.0,1
1,1,2,1,2,1,33.46396807501655,1
0,2,3,2,2,2,0.0,1
0,2,2,4,2,3,24.46782481037436,1
0,2,3,2,3,2,27.02337521956492,1
0,1,2,1,1,1,16.66851872,1
1,1,2,1,2,1,33.82242611337277,1
0,3,3,4,3,3,111.71624074849882,1
0,3,4,1,2,2,18.13236627379873,1
0,4,3,2,4,3,27.44488152959473,1
1,2,2,2,2,2,37.79544564879932,1
0,1,3,1,1,1,0.0,1
0,3,3,3,3,3,23.016725487187355,1
0,2,2,3,3,2,23.071598861801125,1
0,2,1,3,2,2,22.02319776831596,1
0,3,3,3,3,3,24.74547511312217,1
0,3,4,4,3,3,27.114967462039047,1
0,1,1,1,1,1,21.50075252633842,1
1,2,2,1,2,1,24.330900243309003,1
0,1,3,3,2,2,23.004370830457788,1
0,1,3,1,1,1,22.80111725474548,1
0,3,4,3,3,3,24.750433132579825,1
1,3,3,3,4,3,64.13497946447292,1
0,2,2,1,2,1,30.03905077,1
0,2,2,3,2,2,25.810892196506927,1
0,1,2,1,1,1,45.87155963302752,1
0,3,2,2,3,2,31.97442046362909,1
0,1,1,2,2,1,0.0,1
0,1,3,1,1,1,25.74996781254024,1
0,1,3,2,2,2,42.24757076468103,1
0,1,3,1,1,1,23.91608869452321,1
1,2,3,1,2,2,25.56237218813905,1
0,2,3,3,3,3,20.77274615704196,1
1,3,1,1,3,2,25.17397011490119,1
0,2,3,2,1,2,29.55665024630542,1
1,1,2,1,2,1,52.99388924170948,1
1,2,2,1,3,1,91.8835457,1
0,2,1,1,2,1,96.68306858016322,1
1,1,1,1,2,1,91.82792298617107,1
1,2,2,1,3,2,89.32782265465097,1
1,2,1,1,3,2,101.09067649880711,1
1,2,2,1,3,2,75.81301214985925,1
1,4,2,1,4,2,107.6205606518731,1
1,3,2,2,3,2,63.56648821395663,1
1,1,2,1,2,1,68.65979344090638,1
1,3,1,3,2,2,75.74896792031208,1
1,1,2,1,2,1,82.54818978193013,1
1,1,3,1,3,1,19.097283119170942,1
1,4,4,3,3,4,36.613942589338016,1
1,3,2,3,3,2,57.187389619928126,1
0,5,5,4,4,5,26.00393773914336,1
1,2,1,2,3,2,34.95736450008293,1
1,2,2,1,2,1,38.95309532,1
0,5,4,5,4,5,27.491408934707906,1
1,3,1,3,2,2,21.810636516900296,1
1,3,1,4,3,3,42.0069347,1
1,3,1,2,3,2,79.86183902,1
1,2,1,2,1,1,48.53030703316142,1
0,4,2,5,3,3,33.725329188539256,1
0,5,3,4,4,4,34.15494962144931,1
0,5,3,5,4,4,80.82566525739865,1
1,2,2,2,3,2,94.12913896258144,1
1,2,2,3,3,2,41.993190642625024,1
1,3,1,2,3,2,43.72455473828425,1
0,3,4,5,2,3,25.630072618539085,1
1,3,4,4,3,4,19.500357506554288,1
1,4,1,3,3,3,23.483825515176424,1
0,5,4,4,5,5,22.35469448584203,1
1,3,3,3,3,3,25.23500094631253,1
0,5,5,5,5,5,27.851274195794456,1
0,5,4,3,5,4,25.63914732,1
0,5,4,3,5,4,23.452157598499063,1
1,3,1,3,3,3,28.28102286803509,1
1,3,1,4,3,3,11.126620946369687,1
1,2,1,2,2,2,41.64591299405393,1
0,5,3,4,5,4,25.550615769840054,1
1,2,2,3,1,2,17.88884149110374,1
0,4,3,4,4,4,18.472527246977688,1
1,3,2,3,4,3,28.4050561,1
0,5,5,2,5,5,22.878059940517044,1
1,3,1,2,2,2,26.134653290762188,1
1,3,1,2,2,2,64.32001409753734,1
1,1,2,1,3,2,16.85464275180134,1
0,4,2,4,3,3,27.70292391769713,1
0,5,3,4,5,4,24.14001207000604,1
0,4,4,4,3,4,26.93965517,1
1,2,1,3,2,2,123.08615181757216,1
1,3,1,4,3,3,42.01668327,1
1,2,2,2,1,1,27.996249804677326,1
1,2,2,1,2,2,25.63411596829026,1
0,2,3,1,1,1,44.06999352,1
1,2,1,2,3,2,63.48219259719901,1
1,2,2,2,3,2,60.77692316,1
0,5,3,5,3,4,38.051750380517504,1
1,2,2,1,2,2,49.91819626,1
1,3,1,1,4,2,50.00609048537963,1
1,2,2,2,1,1,61.55465173722097,1
1,3,1,2,3,2,42.59589195388176,1
1,2,2,2,2,2,33.42032551822791,1
1,4,1,2,4,3,19.75878599509793,1
0,4,3,5,4,4,34.57623368,1
1,1,1,1,1,1,41.673917623029645,1
1,3,1,2,3,2,33.43158125,1
1,3,1,2,3,2,37.82725148,1
1,2,1,2,1,1,66.58107439241628,1
1,2,1,1,2,1,57.348641356498575,1
1,3,3,4,2,3,9.684036306,1
0,4,2,4,4,4,20.61713971548347,1
0,5,4,4,4,4,26.56983438136569,1
0,5,5,4,4,5,26.38696483936935,1
1,3,1,3,3,2,65.3868592,1
1,4,1,2,4,2,44.70843712077665,1
1,2,2,2,1,1,34.130802236380184,1
0,4,4,4,4,4,24.363503471799245,1
0,4,4,4,3,4,27.15915263443781,1
0,5,5,5,5,5,24.189646831156264,1
0,5,4,5,2,4,26.66429650697716,1
1,4,5,4,5,5,30.76923076923077,1
0,4,4,2,4,3,19.647223192455467,1
0,4,1,3,4,3,59.991274,1
1,4,1,2,4,3,35.45132260703572,1
1,4,2,3,4,3,51.990347452472975,1
0,5,4,5,4,5,22.981901752370007,1
0,5,3,4,4,4,26.33519435373433,1
1,2,4,4,3,3,27.88694761145051,1
0,5,3,3,5,4,23.37358784573432,1
1,5,4,5,5,5,54.338966472857685,1
1,5,4,4,4,5,25.56727388942154,1
1,3,1,1,3,2,32.25428102275393,1
0,4,2,1,4,3,12.30499993163889,1
1,5,2,3,4,4,26.272002802346965,1
1,5,3,4,4,4,55.368627283955874,1
0,5,5,3,4,5,31.04144032283098,1
0,4,2,2,4,3,23.036166781847506,1
0,5,3,4,4,4,27.367268746579093,1
1,3,2,2,3,3,57.13984317310735,1
1,4,1,2,4,3,51.79373905,1
0,5,4,4,5,5,23.13386798272672,1
1,2,2,2,2,2,30.78414652,1
1,4,4,2,5,4,25.24827470122875,1
0,5,4,5,5,5,39.926535175277486,1
1,2,1,1,2,1,55.06679558945319,1
1,2,3,1,4,2,29.499250227390053,1
0,4,3,4,5,4,32.59452411994785,1
1,5,3,2,5,4,24.42011477453944,1
0,5,5,4,4,5,29.35133549,1
1,1,1,1,2,1,46.67841864500788,1
0,5,4,4,4,4,39.49630593373914,1
0,5,4,4,4,4,19.56436676666232,1
1,2,1,1,3,2,40.02744739249771,1
0,5,3,4,4,4,23.387709758521897,1
1,2,1,2,3,2,38.34101382488479,1
1,5,2,2,4,4,24.03268445085316,1
0,4,4,4,3,4,26.017952387147133,1
1,5,2,3,5,4,24.455857177794083,1
1,2,1,2,2,1,65.39081913,1
0,5,4,4,4,4,25.700334104343355,1
1,1,2,2,3,2,23.345701489980687,1
0,5,4,4,5,4,23.815194093831863,1
0,5,5,5,5,5,28.39094328909078,1
1,3,4,3,3,3,14.080540692762602,1
1,3,2,1,3,2,52.06713768142144,1
0,4,4,5,3,4,28.625954198473284,1
1,5,4,2,5,5,24.84472049689441,1
1,4,1,1,4,2,25.066246508629952,1
0,5,4,4,5,4,25.78116943384552,1
0,4,4,5,4,5,26.404964133257053,1
0,5,4,4,3,4,27.951178608031302,1
0,3,3,4,2,3,41.63717366865137,1
1,1,1,1,1,1,33.79149732864514,1
1,3,3,3,3,3,23.90877244046196,1
1,2,1,1,1,1,39.24627528318641,1
0,4,2,3,4,3,49.57634757526591,1
1,1,2,1,2,1,38.62526172377019,1
0,4,3,3,3,3,62.16328222130129,1
0,4,3,4,5,4,32.754667540124466,1
1,3,3,3,2,3,31.468235237161565,1
0,4,3,3,4,4,30.314377931132867,1
0,5,2,3,4,4,23.86160270431497,1
0,2,2,4,3,2,24.19110976716057,1
1,2,2,1,2,2,27.10919859718476,1
0,4,3,3,3,3,20.583661147196047,1
1,3,2,2,3,2,29.924087315336884,1
0,5,5,5,5,5,22.86498227963873,1
1,4,2,4,4,4,83.71995674468901,1
1,3,2,1,3,2,24.248302618816684,1
0,4,2,3,4,4,23.51281448389372,1
1,5,2,5,5,4,25.926886180969664,1
1,3,1,1,3,2,34.084913457003985,1
1,3,1,2,3,2,11.398915091493055,1
0,5,5,3,5,5,21.35611318739989,1
0,3,1,2,3,2,54.72308509439732,1
1,4,1,2,4,3,22.10596124088129,1
0,5,4,3,5,5,26.75048485253795,1
0,4,4,4,4,4,24.68983396086661,1
0,5,5,3,5,5,22.087244616234123,1
0,5,3,5,4,4,20.631318341242004,1
1,4,2,2,5,3,24.38939409776663,1
1,4,1,2,4,3,27.480076944215444,1
1,5,4,3,5,5,28.896166441918705,1
0,3,4,4,3,4,23.01158947,1
1,3,1,1,4,2,24.02691013935608,1
1,4,3,3,5,4,17.201207211997062,1
1,4,3,2,5,4,25.933609958506224,1
1,5,1,3,5,4,23.19781940497593,1
1,4,4,2,4,3,9.657763964248714,1
0,3,1,1,3,2,51.456872708561136,1
1,4,4,4,4,4,23.193246126727896,1
1,3,4,5,3,4,28.692346316620043,1
0,5,5,5,3,5,28.88920988010977,1
1,4,3,3,4,4,63.465199915379735,1
1,5,3,4,5,4,23.13208420078649,1
1,5,3,4,4,4,23.590469450342063,1
0,3,4,5,2,3,33.83522246658772,1
0,5,5,4,4,5,26.341206427254367,1
1,3,1,2,2,2,25.88374500813489,1
0,5,3,3,4,4,22.20988339811216,1
1,3,1,2,2,2,22.292816139998884,1
1,5,3,4,5,5,43.19325168961838,1
1,3,4,3,4,3,17.972771251553898,1
1,4,2,2,4,3,25.02382075244704,1
1,1,1,1,1,1,22.810869379259216,1
1,4,2,4,5,4,27.13152004341044,1
1,4,1,1,3,2,62.07034639257826,1
1,4,3,2,5,4,26.01553499089456,1
1,3,2,3,3,3,43.34489197119232,1
0,5,2,5,5,4,26.27430373095113,1
1,4,1,2,3,2,22.417754861850582,1
0,5,3,5,5,5,41.19913724159659,1
1,5,2,3,4,4,26.17801047120419,1
0,3,3,3,3,3,23.51945058563432,1
0,5,3,5,5,5,47.7326969,1
0,3,4,4,2,3,24.52182442373713,1
0,4,5,4,5,5,27.685492801771872,1
1,3,3,3,3,3,45.17967609647599,1
1,3,2,1,3,2,27.40695908,1
0,4,4,2,5,4,19.650225977598744,1
0,5,4,5,4,5,28.340654669122856,1
0,5,5,4,2,4,22.999080036798528,1
1,4,2,4,4,3,35.934131175202324,1
0,4,2,4,3,3,50.81300813,1
0,4,5,5,5,5,34.53634950785702,1
0,4,4,4,5,4,25.74831026713872,1
0,4,3,4,5,4,31.38239447669857,1
0,5,2,5,5,5,0.0,1
0,5,4,3,4,4,55.42359461599367,1
0,5,4,5,5,5,23.94062724443381,1
0,5,5,4,5,5,24.38281012,1
1,5,4,4,5,5,21.901007446342533,1
0,2,3,4,3,3,20.010227449585344,1
0,3,3,3,3,3,22.11791305202625,1
0,3,3,5,4,4,36.81885125184094,1
0,2,3,3,2,2,27.332361516034982,1
0,5,4,4,5,5,29.801817910892563,1
0,4,3,4,4,4,41.83858960671726,1
0,5,4,5,4,5,24.53686664,1
1,5,4,3,5,5,23.914863087408825,1
0,2,2,3,2,2,22.69323288,1
0,4,3,4,5,4,41.676138516329466,1
1,5,3,4,5,4,42.55756277240509,1
1,3,1,2,3,2,53.75360263507022,1
0,4,4,5,4,4,47.65776120658238,1
0,5,4,4,5,5,18.16860465116279,1
0,4,4,4,4,4,24.177949709864603,1
0,5,3,4,4,4,53.32266879957342,1
0,4,5,4,4,5,37.4251497,1
0,5,5,4,5,5,25.214321734745337,1
0,4,2,2,3,3,49.75124378109453,1
1,4,3,3,4,4,28.94272235246447,1
0,5,5,5,5,5,22.512381809995496,1
0,4,3,3,5,4,30.22974607013301,1
0,4,5,4,5,5,21.477663230240548,1
1,5,4,4,5,5,23.82313703,1
0,3,3,2,3,2,12.391573729863692,1
1,3,3,1,3,2,14.285728759603607,1
0,3,3,1,2,2,15.614575496472526,1
1,3,3,1,2,2,27.08425666026493,1
1,2,1,1,2,1,26.773258681346555,0
0,3,2,4,2,3,25.87322122,0
1,3,2,2,3,2,53.68967368609437,0
0,4,2,2,2,2,16.869095816464238,0
0,3,1,4,4,3,22.055580061755624,0
0,4,1,2,3,3,22.09407657806942,0
0,1,2,1,1,1,23.33504456993513,0
1,3,2,1,3,2,29.02336380786533,0
0,3,2,3,1,2,21.744908067360893,0
1,3,2,2,2,2,19.26799952288763,0
0,4,1,3,2,2,26.927564850552017,0
1,3,4,4,1,3,38.58024691358025,0
0,2,3,2,2,2,0.0,0
1,4,1,2,4,3,8.383387085638764,0
0,4,2,1,2,2,29.355643622486426,0
0,4,2,3,3,3,25.596177637472803,0
0,5,3,2,4,3,0.0,0
0,3,3,2,2,3,23.452157598499063,0
0,2,3,2,1,2,23.894862604540023,0
0,5,2,3,5,4,26.81684097613301,0
1,4,2,1,3,2,23.05386920771536,0
0,4,3,2,2,3,23.26302729528536,0
1,4,1,2,3,2,23.734646650447992,0
0,4,3,4,3,4,26.39044665830969,0
0,3,1,3,2,2,24.613869915697496,0
1,4,2,1,3,2,25.834071449660467,0
0,5,3,3,3,3,26.438706265973384,0
1,3,2,2,2,2,23.01714100029787,0
0,2,2,1,4,2,25.91143471614023,0
0,2,2,4,1,2,25.829781738344312,0
0,3,3,5,3,3,26.13695766,0
0,5,2,2,4,3,18.89644746787604,0
0,4,4,1,4,3,23.613370415070577,0
0,5,3,2,3,4,24.59298608036988,0
1,3,2,2,3,2,25.00312539067384,0
0,3,1,3,2,2,23.42468962,0
1,5,3,3,4,4,26.417752729834447,0
0,4,1,2,3,3,26.346989856408904,0
0,4,2,2,4,3,25.987525987525988,0
0,4,2,4,4,4,23.90247789020795,0
0,1,2,2,1,1,28.74389192296637,0
0,4,2,2,2,2,20.999320610215552,0
0,2,3,1,1,1,20.20814388198444,0
0,4,1,3,4,3,29.895366218236173,0
0,2,2,2,3,2,34.35450865584251,1
1,4,5,5,5,5,28.364770954474544,1
1,4,4,2,4,3,93.36523312131644,1
1,4,3,1,4,3,50.32056060831967,1
0,5,4,2,4,4,29.256875365710943,1
0,3,2,2,4,3,56.17645319614452,1
1,3,3,3,4,3,20.15316404675534,1
0,4,3,3,3,3,27.039816129250323,1
0,4,4,4,5,4,22.95684113865932,1
1,2,3,1,4,2,43.60042631527953,1
0,4,3,3,4,3,53.11614730878187,1
0,3,3,4,4,4,24.86170675616881,1
0,3,3,3,4,4,22.27833061042626,1
1,4,2,1,3,2,23.773046648000424,1
0,3,3,2,5,3,17.044808908753456,1
1,2,3,1,3,2,56.316743423097705,1
0,3,4,3,4,4,25.718841623373283,1
0,4,1,4,4,3,27.548209366391184,1
1,3,2,1,4,2,37.33557985027476,1
1,4,2,2,3,3,79.64710207082466,1
0,4,3,4,3,4,25.290844714213456,1
1,1,2,1,1,1,39.97790468493757,1
0,3,3,3,5,4,28.04577069777877,1
0,4,3,5,4,4,30.248033877797944,1
0,2,2,3,2,2,29.106997322156246,1
0,5,4,4,4,4,27.24177071509648,1
1,3,3,3,3,3,21.80549498473616,1
0,4,3,4,4,4,78.47505252765613,1
0,4,3,3,4,4,38.83818348,1
0,5,3,4,5,4,18.779342723004696,1
0,4,4,3,4,4,22.40477968633309,1
1,3,1,1,3,2,53.63741110095753,1
0,3,3,3,3,3,24.23948612,1
0,3,2,3,4,3,26.83411152256749,1
0,4,4,4,3,4,23.963575365444523,1
0,4,3,3,4,4,28.71088142405972,1
1,3,2,2,4,3,20.128419315231174,1
0,3,3,2,3,3,55.52856250433817,1
1,2,4,2,4,3,40.54875988376022,1
0,3,3,2,4,3,20.85070892410342,1
0,3,3,4,4,4,41.53362926044181,1
1,3,1,2,4,2,102.49097633795286,1
0,3,2,2,2,2,27.04408185342108,1
0,5,4,3,4,4,23.31727032,1
1,3,2,1,2,2,30.572619465833675,1
1,4,2,2,4,3,55.608872305884674,1
1,3,1,1,3,1,40.34515693442677,1
0,4,4,3,4,4,40.57814190755913,1
1,2,2,1,2,1,36.84787093,1
0,4,3,2,3,3,67.00317148345022,1
0,5,5,5,4,5,24.122542515981184,1
0,4,3,2,4,3,37.44455325767613,1
0,4,3,2,3,3,59.016041633134826,1
0,4,3,2,4,3,46.948356807511736,1
0,3,2,2,5,3,25.21511646231916,1
1,3,1,1,2,1,61.54687820556657,1
1,2,2,1,4,2,38.09435857180787,1
1,3,4,3,4,3,40.58890815837054,1
1,4,3,3,4,3,55.93563099694505,1
1,3,2,2,4,3,102.71443512683732,1
0,4,3,4,4,4,64.93000545412046,1
1,4,3,3,4,4,24.875621890547265,1
0,4,2,3,4,3,28.712942358768213,1
0,5,3,4,4,4,26.876301820869447,1
1,3,2,2,4,3,23.85496183206107,1
1,4,2,2,4,3,25.045394778035188,1
1,2,1,1,3,1,35.60513900839688,1
0,4,3,3,3,3,47.77993925122009,1
0,4,3,2,3,3,43.10220970661763,1
0,4,3,4,4,4,26.81863895407308,1
0,4,2,2,4,3,49.967329054080025,1
1,2,3,2,3,2,61.02195719898511,1
0,4,5,4,4,4,46.30701551,1
1,2,2,2,3,2,24.288056348290727,1
0,3,3,4,4,3,24.915908807773764,1
0,4,4,4,4,4,23.501762632197416,1
0,4,4,4,4,4,34.530386740331494,1
0,3,3,2,3,3,17.40341106856944,1
0,4,4,3,2,3,42.509260946134695,1
0,3,2,3,3,3,24.88800398208064,1
1,3,3,2,4,3,27.297046459573075,1
1,3,3,2,4,3,39.16119727829679,1
0,4,4,5,4,4,24.331886937832028,1
1,1,2,2,3,2,61.92137495657953,1
0,4,4,2,3,3,27.758501040943788,1
0,3,3,2,5,3,19.34610176049526,1
0,4,3,3,4,3,27.25909772386534,1
1,4,3,3,3,3,17.123287671232877,1
0,4,3,3,4,3,38.89116954389301,1
1,3,3,2,4,3,62.77695716395864,1
0,3,3,3,3,3,22.912131973880168,1
1,4,4,4,4,4,66.57204225440569,1
0,3,3,3,4,4,25.89108483645465,1
0,4,3,2,4,3,22.713077054113903,1
0,3,1,2,3,2,27.837706173011345,1
0,4,3,5,4,4,24.217472906702184,1
0,4,3,4,4,4,27.758501040943788,1
0,3,3,3,4,3,41.99107689615957,1
1,3,1,1,2,2,52.08804484532623,1
1,3,3,3,3,3,47.52287038137104,1
1,3,3,3,4,3,97.95912715994685,1
1,3,2,1,4,2,40.89665925414717,1
0,5,4,4,3,4,25.852411455490763,1
1,2,2,2,3,2,23.798777235238603,1
1,2,3,2,3,2,38.651920751094096,1
1,4,4,2,4,3,22.96474911011597,1
0,5,4,4,5,4,121.31996117761244,1
1,1,1,1,2,1,45.24594402430353,1
1,3,2,2,4,3,26.72903441363181,1
1,4,3,2,4,3,24.991253061428505,1
0,4,3,3,4,4,23.483978707859304,1
1,4,1,2,4,3,57.89829200038599,1
1,4,3,3,4,4,26.3474857,1
0,5,3,3,5,4,30.588523186100574,1
0,5,3,4,5,5,28.35002835002835,1
0,5,2,4,3,4,24.552680845839856,1
1,4,2,2,3,3,80.72328059412335,1
0,3,2,3,2,2,53.15110098709187,1
0,4,2,2,4,3,21.181952976064395,1
1,3,3,2,4,3,51.51850802400762,1
0,3,3,2,2,2,21.253985122210416,1
1,4,3,3,3,3,24.79666732791113,1
0,5,2,5,5,4,144.01897661809556,1
1,2,2,2,3,2,87.82278149,1
0,4,2,4,5,4,23.89343527865719,1
0,3,1,2,4,2,74.2779744,1
0,4,3,3,4,4,24.495394865765235,1
0,4,3,3,4,3,23.75014843842774,1
0,4,4,3,4,4,61.52133472000469,1
0,4,2,3,4,3,24.51506144087273,1
1,1,1,1,2,1,24.419057424383418,1
1,3,1,1,3,2,45.86199708150928,1
1,4,3,3,4,3,48.26009652019304,1
1,2,1,1,3,1,34.65603881476347,1
0,4,3,3,5,4,18.38498151,1
1,3,3,3,4,3,71.31805434677497,1
0,4,3,3,4,3,24.525833878351865,1
0,4,3,3,4,4,54.99919792836354,1
1,4,2,2,3,2,23.90843071037925,1
0,5,4,3,4,4,66.05019815059445,1
0,4,4,2,4,4,30.786281632904377,1
0,5,3,3,4,4,24.97948114049174,1
1,3,1,1,3,2,25.073356509246647,1
0,3,3,3,4,3,23.71166613974076,1
0,4,2,3,3,3,36.96103796790762,1
0,5,3,3,2,4,23.440552155228545,1
1,4,2,2,3,3,49.009797875425264,1
1,4,3,3,4,3,31.53352013190021,1
0,4,2,4,4,3,26.26050420168067,1
1,4,2,3,4,3,67.76424204,1
1,2,3,2,4,3,57.71652816845502,1
0,4,3,3,4,3,23.48771165631072,1
0,4,2,3,4,3,29.35995302407516,1
0,5,4,3,4,4,30.47682376084005,1
1,2,3,1,4,2,34.195907657091816,1
0,4,2,3,4,3,47.234176550855466,1
1,4,1,2,3,3,58.98941068139963,1
1,5,2,3,4,3,28.52660105548424,1
0,5,3,3,3,3,18.91272827,1
1,4,2,3,4,3,33.31667499583541,1
0,4,4,4,4,4,25.53756575923183,1
1,4,3,3,5,4,23.766517729822223,1
0,5,4,4,4,4,23.483825515176424,1
0,4,4,3,4,4,25.90539350292731,1
0,4,3,4,4,4,23.89676597100526,1
1,3,3,1,3,2,67.65818843703597,1
1,4,3,2,4,3,23.50452462098954,1
0,4,2,3,3,3,23.237800154918663,1
1,4,2,2,4,3,23.91963004305533,1
0,4,3,3,4,4,122.03283076801952,1
0,4,2,4,4,3,73.34194810184053,1
0,4,2,4,4,3,23.706513364546907,1
1,3,2,2,4,3,61.63708087,1
1,5,3,4,5,5,139.0410382,1
1,4,2,2,3,3,22.52049364922079,1
0,3,1,3,4,3,24.065071954565145,1
0,5,3,3,5,4,104.03571893016604,1
0,4,3,3,3,3,26.25514163190292,1
1,5,4,3,5,4,23.780081803481405,1
0,5,4,3,4,4,28.61503243037009,1
1,3,2,1,4,2,29.44432024515123,1
0,4,1,3,4,3,25.894995792063185,1
1,4,1,3,4,3,27.582402427251413,1
1,2,2,2,3,2,53.93743257820928,1
1,4,3,3,4,4,25.393600812595228,1
1,3,3,2,4,3,21.276792569774003,1
0,4,3,3,4,3,62.156198526898095,1
0,4,3,2,4,3,24.07028523288001,1
1,2,1,1,3,1,14.651537597473425,1
1,5,3,4,4,4,71.96315486470927,1
0,4,3,3,4,3,149.80051317799564,1
1,4,2,2,3,3,25.147291277482395,1
0,4,3,3,3,3,24.72697301,1
1,4,2,2,4,3,23.98512921988367,1
0,3,2,3,3,3,27.285129604365626,0
0,2,3,3,2,3,26.164311878597594,0
0,3,2,3,3,3,28.569387900864225,0
0,3,4,4,3,4,23.80574511982225,0
0,2,3,2,3,2,34.52442603141723,0
1,3,1,1,3,2,23.32814930015552,0
1,2,3,2,4,2,15.81075281770202,0
0,3,1,2,3,2,26.50410814,0
1,2,1,1,3,1,24.32794063982484,0
0,3,1,2,2,2,23.774428225001188,0
0,4,3,2,4,3,24.455857177794083,0
0,3,3,2,3,3,26.786312194468625,0
0,3,4,3,2,3,20.25111381125961,0
0,2,2,2,2,1,24.32498175626368,0
0,2,2,3,3,2,22.333060373706545,0
0,3,1,1,3,2,27.190168035238457,0
0,2,2,3,2,2,27.71170588642819,0
0,2,2,3,3,2,25.527569775357385,0
0,3,2,3,2,2,24.662939822426832,0
0,4,4,5,4,4,21.56799309824221,0
0,2,1,2,2,2,24.274790629930816,0
0,3,2,4,3,3,22.554271215111363,0
0,3,3,2,3,3,20.845493204369216,0
0,4,4,2,3,3,23.32769580684668,0
1,2,1,1,2,1,17.931705817557702,0
0,3,3,3,3,3,22.81021897810219,0
0,3,2,2,4,3,24.360535931790498,0
0,3,2,1,2,2,22.92920607623961,0
0,3,3,3,3,3,22.436057236874905,0
0,2,1,2,2,2,23.46591575736243,0
1,2,1,1,3,2,30.09578762751793,0
0,4,2,2,3,3,30.54989816700611,0
0,3,2,2,3,3,24.520621842969938,0
0,3,3,3,3,3,24.99375156210948,0
0,3,3,3,2,3,28.865582603675552,0
0,3,3,3,2,3,28.49408747684856,0
0,3,2,3,3,3,22.01915666629968,0
1,3,2,2,3,2,24.246342843287803,0
1,2,2,2,2,2,28.06098587597044,0
0,3,3,2,4,3,26.269127208248506,0
0,3,2,2,3,2,27.25785934944576,0
0,3,3,2,3,3,23.089355806972986,0
1,3,2,2,3,2,27.903732124171608,0
0,3,3,2,3,3,25.07396820620832,0
0,3,2,2,3,2,21.208907741251327,0
0,3,3,2,3,3,20.818153429790776,0
0,2,3,3,2,2,28.4050561,0
0,2,2,2,3,2,24.500796275878965,0
0,4,2,2,3,2,25.602949459777765,0
0,3,2,2,4,3,43.57891869807981,0
0,1,3,2,2,2,22.647491790284224,0
1,1,2,1,3,1,27.46362829739589,0
1,4,2,2,2,2,24.41287046530931,0
0,4,3,3,4,3,29.3140512,0
0,2,3,2,2,2,26.270852489163275,0
0,4,3,4,4,4,28.431707039690664,0
1,2,2,1,3,2,33.47456849905537,0
0,4,3,3,4,3,26.66429650697716,0
0,3,2,4,4,3,22.988505747126435,0
0,3,2,1,2,1,25.57544757033248,0
1,2,1,1,2,1,25.54115318306621,0
0,3,2,3,3,2,26.876903780684465,0
0,2,2,1,4,2,30.123203903967227,0
0,3,3,3,4,3,22.09402233951148,0
1,3,1,2,3,2,26.952361700694023,0
0,3,2,3,3,2,27.888816584549595,0
0,3,3,2,3,3,22.190169754798625,0
0,3,3,2,3,3,25.113008538422903,0
0,3,2,3,3,3,28.90173410404624,0
0,3,3,2,4,3,20.955086265105123,0
0,2,3,2,2,2,28.459622909996444,0
0,3,3,2,2,2,32.49918752031199,0
0,3,2,2,3,3,25.72016460905349,0
0,2,3,2,3,2,21.84598580010923,0
1,3,2,2,2,2,24.02691013935608,0
0,3,2,3,3,3,28.32459992,0
1,1,1,1,3,1,35.93526425486596,0
1,3,2,2,4,3,21.459687976136827,0
0,3,2,2,3,2,26.849962410052623,0
0,2,1,3,2,2,19.78630787495053,0
0,3,2,2,3,2,29.898345624875425,0
1,2,2,2,3,2,42.66111877322986,0
0,3,1,2,2,2,25.117213663764232,0
0,2,2,1,1,1,25.99578290632853,0
1,2,3,1,4,2,14.762637872492988,0
0,4,2,3,4,3,22.95815876,0
0,3,2,3,4,3,32.21130616846513,0
0,2,3,2,3,3,23.92535289895526,0
0,3,4,4,3,4,27.100271002710027,0
0,3,4,3,4,3,25.53771068611316,0
1,2,1,1,4,2,18.68382811,0
1,3,1,2,3,2,22.60908885,0
0,3,4,4,3,3,31.23535842573793,0
0,3,3,3,3,3,24.291497975708506,0
0,3,1,1,4,2,28.35538752362949,0
0,2,1,1,3,1,24.051180912982822,0
1,3,2,2,3,2,10.739460683810751,0
0,3,2,2,3,2,26.44802962179317,0
0,2,3,3,3,3,23.27205026762858,0
0,3,3,3,4,3,23.16423442205236,0
0,4,3,3,3,3,25.451768897938408,0
0,3,3,2,5,3,24.15896599625536,0
0,2,3,3,2,2,20.69964811,0
0,3,4,3,3,3,25.72205482472257,0
0,3,2,4,5,3,27.11680564029557,0
0,3,3,3,3,3,20.387359836901123,0
1,3,2,2,3,2,25.654955933840395,0
0,3,3,2,5,3,37.11952487008166,0
0,3,3,4,4,4,28.818443804034583,0
0,3,4,3,5,4,24.11149153686647,0
0,2,3,3,2,2,37.32736095558044,0
0,1,3,3,1,1,46.92632566870014,0
0,3,2,2,3,2,23.963575365444523,0
0,3,2,3,3,2,21.50075252633842,0
0,3,2,2,3,2,23.71635242499704,0
0,3,1,2,2,2,0.0,0
0,4,3,3,4,4,25.015982433221225,0
0,3,3,2,4,3,22.911840329930502,0
0,2,3,5,3,3,34.65003465003465,0
0,3,1,2,2,2,25.79446966570368,0
1,4,2,2,4,3,25.664057487488773,0
1,2,2,1,4,2,25.783828382838283,0
0,3,4,4,2,3,33.61344537815126,0
0,3,3,3,4,3,37.95066413662239,0
0,2,3,1,3,2,24.11132543400386,0
0,4,3,2,3,2,31.37254901960784,0
0,4,4,2,4,3,24.33550550252819,0
0,5,3,3,4,4,26.09300707410414,0
0,4,1,2,4,3,23.37996337139072,0
0,4,4,3,5,4,24.44456515834646,0
0,2,2,2,1,1,37.28560775540641,0
0,2,2,3,2,2,38.80481179666278,0
0,3,3,2,3,3,25.81311306143521,0
0,4,2,3,2,3,33.129037601457675,0
0,1,4,4,1,2,0.0,0
0,3,3,4,3,3,31.725888324873097,0
0,5,4,4,2,4,38.95597974289053,0
0,3,4,3,3,3,17.247326664367023,0
1,2,1,3,4,2,25.851668868845863,0
0,3,4,4,1,3,24.46782481037436,0
0,2,3,3,2,2,0.0,0
1,4,2,2,4,3,22.44668911335578,0
1,4,2,2,3,3,26.483050847457623,0
0,4,4,3,2,3,33.3000333,0
1,1,1,1,2,1,23.05966863954943,0
0,3,4,3,2,3,25.36139995,0
1,3,2,4,3,3,25.98414966870209,0
0,2,2,2,2,2,39.68253968253968,0
0,4,3,4,3,3,52.80084481351702,0
0,2,2,4,1,2,0.0,0
1,3,2,1,4,2,26.65482007996446,0
0,2,3,2,3,2,31.90810465858328,0
1,4,3,4,4,4,20.999580008399832,0
0,2,2,4,2,2,35.714285714285715,0
0,3,2,2,4,3,23.95137870123649,0
0,3,2,2,3,2,24.00219448635304,0
0,3,2,3,4,3,24.563989191844755,0
0,3,1,2,2,2,30.11141222523336,0
0,2,3,3,2,2,23.20185614849188,0
1,3,1,2,2,2,42.699850550523074,0
0,2,2,4,2,2,31.751071598666456,0
0,4,4,3,4,4,32.57811343106767,0
0,3,2,2,4,3,17.562346329469616,0
0,3,4,5,3,4,32.97065611605671,0
0,2,2,2,2,2,29.478235236317182,0
0,3,3,3,4,3,24.45286709866732,0
0,2,3,3,1,2,32.81916639317361,0
0,3,3,2,3,3,17.99208348326736,0
1,4,3,3,5,3,24.998437597650145,0
0,3,2,4,2,3,26.695141484249863,0
0,3,3,2,3,3,33.311125916055964,0
0,3,4,3,2,3,29.239766081871345,0
0,2,2,2,1,2,18.23486506199854,0
1,2,1,1,2,1,26.17801047120419,0
0,2,3,2,2,2,20.557097337855893,0
0,2,3,3,1,2,39.10833007430583,0
0,4,2,3,4,3,15.673244204817957,0
0,2,3,3,1,2,20.973154362416107,0
0,4,1,2,3,3,30.15378429992964,0
1,3,4,1,5,3,11.995841441633567,0
0,3,2,2,3,2,19.37984496124031,0
0,2,2,3,2,2,31.806615776081426,0
0,3,3,2,3,3,28.62049227246709,0
0,3,2,2,4,2,25.20388139773525,0
0,3,3,2,3,3,20.169423154497785,0
1,3,3,2,4,3,23.808539985557463,0
0,5,4,2,4,4,25.878800948889367,0
1,2,2,2,3,2,28.56070830556597,0
0,1,2,2,1,1,39.65107057890563,0
0,3,3,2,1,2,33.123550844650545,0
0,1,2,2,2,2,27.01972439881113,0
0,3,3,5,2,3,23.34267040149393,0
0,4,5,2,2,3,47.28132387706856,0
0,4,4,2,1,3,17.42767514813524,0
1,4,2,2,4,3,25.52214045684632,0
0,2,2,1,1,1,25.28764698,0
0,2,2,3,1,2,34.16467373,0
1,3,2,2,4,3,28.735632183908045,0
0,2,3,2,2,2,0.0,0
0,2,3,2,2,2,17.815784785319792,0
0,4,3,2,1,2,46.12546125461255,0
0,3,3,4,3,4,22.331397945511387,0
0,5,3,4,3,4,31.387319522912744,0
1,4,3,3,4,4,11.74456195874568,0
0,4,4,3,3,4,26.101482564209647,1
1,5,3,3,4,4,58.763038049067134,1
0,3,3,2,5,3,109.75442447523666,1
0,5,3,4,4,4,24.342745861733203,1
0,4,4,3,4,4,32.342273661838426,1
0,4,4,4,5,5,24.76677949310658,1
0,4,5,5,4,5,148.14279520161872,1
1,3,1,1,3,2,93.90717514483988,1
1,4,4,3,4,4,59.9880024,1
1,2,3,4,3,3,156.0062402,1
0,2,2,2,3,2,77.57166947723441,1
1,4,4,4,5,4,23.798191337458352,1
0,5,5,5,5,5,22.26179875333927,1
0,4,4,3,5,4,25.0,1
1,5,1,1,4,3,95.20501241524823,1
1,4,4,4,5,4,23.386342376052387,1
0,4,2,5,4,4,23.514657469822858,1
0,3,2,2,4,3,28.71912693854107,1
1,3,2,1,4,2,207.7501749475157,1
0,4,4,4,5,5,20.18570852,1
0,5,4,4,4,5,120.6384558277654,1
0,5,5,4,5,5,106.25824417411695,1
0,5,5,5,5,5,62.78252134605726,1
1,3,4,4,4,4,13.525210993291497,1
1,4,2,4,4,3,81.21884277152299,1
0,5,5,5,5,5,56.71077504725898,1
0,4,5,5,4,5,127.80180888714118,1
0,5,4,5,4,4,21.71316903702096,1
0,3,3,5,4,4,29.49852507374631,1
1,3,2,3,3,3,27.348972894129087,1
1,5,4,3,5,4,24.82210822439185,1
0,5,5,4,5,5,26.106252447461166,1
0,4,4,4,5,5,97.18172983479106,1
1,1,2,1,2,1,120.05302877099724,1
0,4,4,4,5,4,110.01856563295055,1
0,3,5,5,4,5,144.19043624161074,1
0,3,2,3,4,3,92.03313193,1
0,5,5,4,4,5,31.63055511624229,1
1,5,4,3,5,4,222.4043076202739,1
0,4,2,3,4,3,93.83613864289484,1
1,5,2,4,5,4,178.10159886662618,1
0,4,3,4,3,4,24.077690681933703,1
0,4,4,5,5,5,80.48443967499617,1
0,4,4,4,5,4,26.971140879259192,1
1,4,3,3,5,4,91.02192800992968,1
1,4,3,3,5,4,22.946305644791188,1
1,3,2,2,4,3,49.26886858226506,1
0,5,5,5,5,5,82.05201384181798,1
0,4,3,3,5,4,246.9268345053412,1
0,5,4,4,5,5,27.01242571582928,1
1,4,4,4,4,4,28.04020534058065,1
1,4,4,3,5,4,25.75991756826378,1
0,4,3,4,5,4,21.317416329140908,1
0,3,3,4,4,4,36.67033370003667,1
0,5,4,5,5,5,22.46013326345736,1
1,2,2,2,3,2,84.76762613791324,1
1,3,2,2,3,2,125.45329804959326,1
0,4,4,4,5,5,68.72852233676976,1
1,2,2,2,4,2,186.05448213815768,1
0,5,5,4,5,5,25.182573659027952,1
0,4,5,4,5,5,103.96975425330812,1
1,4,2,4,5,4,28.314574927443903,1
0,4,3,4,4,4,48.373644703919936,1
0,4,5,4,4,5,100.81915563957152,1
0,5,5,5,5,5,29.00232018561485,1
0,4,5,5,5,5,193.2100469,1
0,5,5,5,5,5,25.660764690787783,1
0,5,5,4,4,5,73.28154770628755,1
0,5,3,5,5,5,77.79233541,1
0,3,4,4,4,4,21.383513311237035,1
0,5,4,3,4,4,26.161378330904064,1
0,4,2,3,4,4,24.024024024024023,1
0,2,2,3,2,2,38.28953011088648,1
0,5,5,5,5,5,28.01120448179272,1
1,4,3,3,5,4,21.07037505267594,1
0,3,2,2,4,3,125.96766066602538,1
0,4,5,4,5,5,23.27927368666097,1
0,4,4,4,4,4,25.644971021182744,1
0,3,3,3,4,3,48.05689936885272,1
0,5,5,5,5,5,120.21157236736656,1
0,3,3,5,3,4,139.30001741250217,1
1,5,3,2,5,4,66.08465792494174,1
0,3,4,5,5,5,31.52088258471237,1
0,4,3,3,5,4,84.06893652795293,1
0,5,4,3,5,5,30.05108684764099,1
0,5,4,5,4,5,28.058361391694724,1
0,4,4,4,5,4,127.7791975466394,1
0,5,4,5,4,5,22.423200538156813,1
0,5,3,4,4,4,35.23833931317273,1
0,3,2,2,3,3,71.3091922,1
0,5,4,4,5,5,28.32058906825262,1
0,4,4,4,5,4,24.84266313348791,1
1,2,1,1,2,1,45.4004634,1
0,4,3,4,5,4,140.5415534526375,1
0,4,5,5,5,5,21.96836555360281,1
1,5,4,3,5,4,151.6300227445034,1
0,3,5,4,4,4,111.43863685383565,1
0,3,5,4,4,4,95.55509547546625,1
0,5,4,5,5,5,185.67853394687967,1
0,3,3,4,4,4,45.47450291664053,1
0,5,4,5,5,5,45.64125969876768,1
0,4,3,4,5,4,23.67844669389688,1
0,3,4,2,4,3,86.41264093490248,1
0,4,4,4,4,4,107.44175525899118,1
1,3,2,2,4,3,85.68980291,1
1,3,3,2,3,2,68.93944448150866,1
0,4,3,3,4,4,56.00358422939068,1
1,3,1,2,3,2,73.04191482,1
0,3,2,4,3,3,51.35295279,1
0,4,4,5,5,5,24.06738868832732,1
1,4,3,4,4,4,28.03672811382912,1
1,4,3,4,4,4,22.854530910753056,1
0,5,4,5,5,5,66.37902422834384,1
1,3,2,1,3,2,30.561842300893726,1
0,4,4,4,5,4,24.96463343596572,1
0,4,4,5,5,5,48.64523033516564,1
0,4,4,5,5,5,22.503938189183103,1
0,3,4,4,4,4,103.23084649294124,1
0,5,5,5,5,5,27.69699487605595,1
1,2,1,2,3,2,74.24485170567777,1
1,4,4,4,4,4,14.429551721926506,1
0,5,5,5,4,5,23.42011788,1
1,3,1,1,3,2,24.78441829260997,1
0,5,4,4,5,5,26.11761633221608,1
0,5,5,5,4,5,21.817124018229418,1
0,4,3,3,4,4,24.70152326060107,1
0,4,5,5,5,5,28.727377190462512,1
1,4,3,2,4,3,17.639512508017962,1
1,3,4,3,3,3,10.271604938271604,1
1,4,3,3,3,3,4.563130916225987,1
0,4,4,4,4,5,30.00900270081024,1
1,2,4,1,3,2,29.67799376762131,1
0,4,5,5,5,5,29.57121734844751,1
0,5,5,3,5,5,24.31315341599805,1
0,4,5,4,4,5,24.64511041009464,1
1,4,4,3,5,4,25.88087403408881,1
1,2,3,2,3,2,19.535767295329155,1
0,5,5,5,4,5,26.95781102574471,1
1,3,4,3,2,3,25.30876695687386,1
0,4,4,4,5,5,23.693173404412853,1
0,3,5,5,4,4,24.43315089913996,1
1,5,4,4,5,5,26.81923833363133,1
1,4,5,3,4,4,12.195287199013537,1
1,4,4,3,4,4,24.12617992098676,1
0,4,4,4,5,5,25.00156259766236,1
1,3,3,3,3,3,85.01760094116781,1
0,4,4,4,4,4,25.47851842415364,1
1,2,3,2,2,2,10.214374178062078,1
1,4,4,3,4,4,13.307673409221191,1
0,4,4,4,3,4,26.797079118376097,1
0,3,4,2,4,3,18.955349620893006,1
1,5,2,2,4,3,34.57789221997425,1
0,5,5,5,3,5,25.41726679657714,1
0,5,5,5,4,5,26.178989491005648,1
0,4,5,3,4,4,22.925263640531867,1
1,2,4,2,3,3,30.81567525501277,1
1,3,4,4,4,4,15.345464775764396,1
1,4,4,1,3,3,59.362279511533245,1
1,4,3,3,5,4,26.82643297862828,1
1,3,3,4,3,3,27.19587831355337,1
0,4,4,5,4,4,22.83887175973507,1
0,3,4,4,4,4,24.16392808815001,1
0,5,4,4,4,4,24.85089463220676,1
1,5,3,2,5,4,20.41232904674424,1
1,3,4,1,3,3,30.355923199514304,1
1,4,4,4,5,4,28.00074668657831,1
1,3,4,2,4,3,23.16852787173903,1
1,4,5,2,4,4,38.73496172074371,1
0,4,4,4,4,4,13.142331449599158,1
1,5,4,3,4,4,16.858668165214947,1
0,4,4,3,4,4,16.964167907564136,1
1,2,2,2,2,2,85.27260840787919,1
1,4,3,3,4,3,16.520473586909493,1
0,3,5,4,5,5,20.86375964948884,1
1,4,4,3,3,4,7.957630040937586,1
1,4,5,4,4,4,26.714158504007123,1
1,4,4,3,4,4,15.119951616154829,1
0,5,4,3,5,4,17.274140611504578,1
0,5,4,4,5,5,120.77555157763064,1
1,4,4,4,4,4,22.313127556712534,1
1,4,2,2,4,3,23.98369109005876,1
0,5,5,5,5,5,26.385224274406333,1
1,5,4,2,3,4,26.001040041601662,1
0,5,5,5,4,5,27.22014290575025,1
1,2,2,2,3,2,71.71062434808523,0
0,3,2,3,3,3,36.02045962106477,0
1,1,2,1,2,1,81.88644155,0
0,2,3,2,3,2,39.64321110009911,0
0,1,2,2,2,1,71.58196134574088,0
0,2,2,2,3,2,95.07825353649764,0
0,1,3,2,1,1,57.909711206788025,0
0,1,2,2,1,1,76.10127323284063,0
0,3,3,3,4,3,45.376010052531456,0
1,1,2,2,3,2,81.71109571310907,0
0,3,3,3,3,3,58.67167331612298,0
1,2,2,1,3,2,34.15494962144931,0
0,4,3,3,4,3,79.82399781944201,0
0,2,3,3,3,2,56.30774743415833,0
0,2,3,3,3,3,153.4847298355521,0
1,2,2,1,3,2,102.72469780986955,0
1,3,3,3,3,3,140.98001642485627,1
1,2,1,1,2,1,114.33941297430758,1
1,2,2,2,3,2,131.1668398601856,1
1,3,2,1,3,2,103.83642449214048,1
0,4,2,2,4,3,134.75025265672377,1
1,2,1,1,2,1,105.05267556033068,1
1,4,1,2,3,2,153.65793980915095,1
1,3,1,1,3,2,75.15046288798047,1
0,4,2,3,4,3,55.46824443006379,1
1,2,1,1,2,1,95.29090424,1
0,3,3,2,3,2,50.54419247228493,1
1,2,1,1,2,1,106.09506117481264,1
1,1,1,1,2,1,49.60333541905092,1
0,2,2,2,2,2,75.68494878651799,1
1,1,1,1,2,1,30.982948660864345,1
1,3,2,1,3,2,35.089947231403166,1
1,2,2,1,2,1,80.06240762,1
1,3,1,1,3,2,72.28371357578496,1
1,5,4,2,4,4,84.94536468589521,1
0,1,2,2,1,1,58.40501221,1
1,3,2,2,3,3,129.03570879381698,1
1,2,2,2,3,2,79.78173293803619,1
1,2,2,2,1,1,106.9186057813806,1
1,2,4,3,4,3,227.6972624798712,1
1,1,2,1,1,1,115.9741596531022,1
1,2,3,1,3,2,91.00596595,1
1,3,2,2,3,2,138.59152086622404,1
0,1,3,1,1,1,81.69457898115189,1
1,2,2,1,3,1,118.7997327655902,1
0,2,2,1,4,2,64.86547464606012,1
1,3,3,2,4,3,79.26131022577724,1
1,1,2,1,3,1,57.75142049864936,1
1,1,1,1,2,1,77.05998303,1
0,1,2,1,1,1,28.05311389564241,1
1,1,1,1,2,1,86.80329505308022,1
1,2,1,1,2,1,120.0022895173658,1
1,1,3,1,2,1,95.73815419443832,1
1,2,2,1,3,2,91.56957628483178,1
0,3,3,5,4,4,28.677946659019213,0
0,3,4,2,2,3,21.28565346956152,0
0,3,3,2,3,3,36.07059278940052,0
0,3,2,3,3,3,48.39434477513913,0
0,2,2,3,3,2,25.84535860435064,0
0,3,3,3,4,3,26.097736021400145,0
0,4,3,3,4,4,23.22340919647004,0
1,3,2,2,4,3,38.77537258075393,0
1,3,2,2,4,3,43.35246496,0
0,2,2,2,3,2,22.90688351849731,0
1,3,3,2,4,3,43.83307334304537,0
0,4,3,3,4,4,22.93420177510722,0
1,3,3,3,4,3,103.94161451024938,0
1,4,2,2,4,3,36.68307751713486,0
0,2,2,2,2,2,26.746140913953845,0
0,3,3,3,3,3,23.456741858555848,0
0,3,3,2,4,3,26.089225150013046,0
0,4,4,5,4,5,52.27391531625719,0
1,3,1,1,4,2,20.713314777655512,0
0,3,3,3,3,3,28.90173410404624,0
0,3,3,2,3,3,24.61033634126333,0
0,2,1,2,3,2,27.03851056433234,0
1,3,1,2,4,2,56.19840801886792,0
0,1,2,2,1,1,24.175757758907256,0
1,3,3,2,4,3,75.52833522961097,0
0,4,3,4,4,4,78.84259076753263,0
0,3,3,2,4,3,25.559105431309906,0
0,1,2,1,2,1,45.196494515791215,0
0,4,3,2,4,3,21.595162683558883,0
0,4,3,3,4,4,28.246132452633407,0
0,3,3,1,4,2,24.613701627239163,0
0,3,2,2,3,2,46.844258455388655,0
1,2,1,1,4,2,76.60977161151115,0
0,4,2,2,5,3,56.13947540779091,0
0,3,3,4,3,3,23.647184014503605,0
0,3,3,3,3,3,26.331958219959624,0
0,4,3,1,5,3,45.34247739960893,0
1,3,3,3,4,3,16.30267803,0
1,1,2,2,4,2,54.90999787320431,0
0,4,3,4,4,4,23.17631380728895,0
1,1,2,1,3,1,45.60246094395505,0
0,2,2,2,2,2,45.55808656036447,0
0,5,4,4,5,4,26.28120893561104,0
1,3,2,2,3,3,38.50073604348319,0
0,1,2,2,2,1,22.973718066531887,0
0,4,3,2,4,3,56.75311382039666,0
1,2,1,1,2,1,68.33798784982862,0
0,3,5,3,2,3,31.00294527980158,0
0,2,3,4,2,2,27.277686852154936,0
1,3,3,2,3,3,102.1282931430971,0
0,3,3,3,3,3,53.13713468219906,0
0,2,3,2,3,2,29.66566792251328,0
0,3,3,3,4,3,62.59780907668232,0
0,3,3,2,4,3,20.804919207563746,0
0,4,3,3,4,3,25.45824847250509,0
1,2,3,1,3,2,22.73842434686868,0
0,4,2,3,4,3,26.609898882384247,0
1,3,2,2,4,3,99.36976891526892,0
1,4,3,3,4,4,57.21369314389244,0
0,3,2,5,4,3,21.46613716861651,0
1,3,3,2,4,3,79.00178915816623,0
0,4,3,3,4,4,35.44842254519674,0
1,1,1,1,2,1,14.49140433042021,0
0,3,3,2,4,3,38.23799327011319,0
0,3,3,3,2,3,56.86395299246553,0
0,3,3,3,2,3,32.44120032,0
0,4,3,4,4,4,43.15553253927153,0
0,4,3,5,4,4,23.88344877000239,0
0,2,2,3,3,2,24.795437639474336,0
1,2,2,1,3,2,39.771063297455015,0
0,3,2,3,3,3,23.15708220764184,0
0,3,3,5,3,4,54.39330543933055,0
1,3,3,2,3,3,35.34817956875221,0
1,3,2,3,4,3,95.58377949509274,0
0,4,3,3,4,4,36.11115670600594,0
0,4,2,3,4,3,21.551208064940973,0
0,3,2,3,3,3,24.43195699975568,0
0,4,2,2,4,3,53.77906976744186,0
0,4,2,2,4,3,20.36509053208428,0
1,3,2,3,4,3,51.85067007019783,0
1,1,2,1,3,1,63.95183226188415,0
1,3,4,3,4,3,100.36247031980778,0
0,3,3,3,3,3,24.368698406896343,0
0,2,2,2,3,2,25.442055718102026,1
1,2,2,1,3,2,28.424991721587464,1
0,2,3,2,2,2,23.97003745318352,1
0,2,3,2,3,2,19.717816142318814,1
1,4,2,1,4,3,30.412854499835262,1
0,2,3,3,1,2,19.61553550411926,1
1,2,2,1,3,2,13.735425187717478,1
0,2,1,2,3,2,23.690133059580685,1
1,3,2,2,4,2,45.09328673693704,1
1,1,1,1,2,1,14.411743512141896,1
0,3,2,3,2,2,41.909684629623165,1
0,2,3,2,3,3,24.740227610094013,1
1,3,1,1,2,2,25.90625636091116,1
1,3,2,1,4,2,29.31500602586235,1
0,3,2,4,3,3,22.82062984938384,1
0,1,2,1,1,1,19.17545541706616,1
0,2,3,2,3,3,25.958293674829108,1
0,2,2,2,2,2,14.213294167811627,1
1,2,1,1,3,1,21.876412851663336,1
1,3,1,1,3,2,24.55675065075389,1
0,2,2,1,2,1,24.415387119526883,1
0,3,2,2,3,2,28.33061831574474,1
1,3,1,2,3,2,23.949801216649902,1
0,3,2,2,3,2,26.01541413287373,1
0,2,1,1,3,2,19.37567277,1
0,2,2,1,2,2,16.826518593303046,1
1,1,2,1,2,1,39.28005854796095,1
1,2,1,1,4,2,26.60848278431164,1
0,2,2,2,3,2,24.224806201550383,1
1,3,1,2,3,2,33.80047320662489,1
0,2,2,2,3,2,22.04779962959697,1
0,3,3,1,3,2,29.51884286135984,1
0,3,1,2,4,2,25.128785023244127,1
0,2,2,2,2,2,21.17148906139732,1
0,2,3,2,1,1,22.54283137962128,1
0,3,3,2,3,3,23.20185614849188,1
0,2,2,1,2,2,28.91844997108155,1
0,2,3,2,2,2,27.982464322357988,1
0,1,2,2,1,1,25.63445270443476,1
1,3,2,1,2,2,25.31645569620253,1
0,2,2,3,2,2,17.262213015708614,1
0,2,2,1,2,2,23.37358784573432,1
0,3,2,1,3,2,25.051494739186104,1
0,4,4,5,3,4,18.248175182481752,1
0,3,3,1,2,2,21.2630236,1
0,2,2,3,3,2,24.76105581,1
0,3,1,1,3,2,25.980774227071965,1
1,3,1,3,3,2,73.67767954087172,1
0,3,1,2,3,2,24.35312024,1
0,3,3,3,4,3,30.574806359559723,1
0,2,2,2,2,2,23.632281696797826,1
1,2,2,1,4,2,24.077529645458377,1
0,4,3,4,3,4,23.010722996916563,1
0,3,3,3,3,3,30.12955709551069,1
1,1,1,1,2,1,23.317166764376697,1
0,2,2,2,2,2,17.332824903802823,1
0,3,1,2,3,2,28.256569652444192,1
0,4,3,2,4,3,34.40327519179826,1
0,3,3,3,3,3,21.54011847065159,1
1,3,2,3,3,2,31.69572107765452,1
0,2,2,2,2,2,27.33485193621868,1
1,1,3,1,3,2,25.58661067714213,1
0,3,3,2,4,3,24.740227610094013,1
0,3,3,2,2,2,25.67723712928489,1
0,3,3,3,3,3,26.675558519506502,1
0,3,2,1,3,2,19.964371275876896,1
0,2,3,2,3,2,20.93364036005861,1
0,3,2,2,3,2,25.626241271061566,1
1,1,3,1,3,2,45.41983399300235,1
1,2,1,1,2,1,20.073123521399385,1
1,3,1,1,2,1,27.41588805544589,1
1,3,2,1,3,2,26.743330881861336,1
1,2,1,1,2,1,18.87271331046915,1
0,2,2,1,3,2,24.629867819709368,1
0,2,3,1,3,2,20.48760499897562,1
0,2,3,1,2,2,21.090372245070125,1
0,3,3,3,3,3,24.655845490034928,1
0,3,2,3,2,3,29.43773918163085,1
1,2,2,2,2,1,23.444460074084493,1
0,2,2,4,3,3,21.810250817884405,1
0,3,3,1,3,2,26.26878217925817,1
1,1,1,1,2,1,19.69888841986773,1
0,3,4,3,3,3,27.28264823572208,1
0,3,3,1,2,2,30.86896125945362,1
0,3,3,1,4,2,23.46270407664484,1
1,2,1,1,2,1,13.08477394128785,1
0,2,2,1,1,2,29.886431560071728,1
0,3,5,5,3,5,25.199231423441585,1
0,3,3,4,4,4,24.12286579645662,1
0,4,5,5,4,5,23.63693665300977,1
0,4,4,4,5,4,26.198585276395075,1
1,4,3,5,5,5,23.87204583,1
0,3,5,4,3,4,26.77376171352075,1
0,5,3,4,4,4,27.16653083401249,1
0,4,4,5,5,5,29.12338607902145,1
0,4,4,4,4,5,23.045457164256497,1
0,4,3,3,4,4,24.03846153846154,1
0,4,5,4,5,5,21.71788467803236,1
0,4,3,4,5,4,24.686786397580693,1
0,4,4,4,5,4,24.81759070829404,1
0,4,5,5,3,5,24.189646831156264,1
1,5,4,4,5,5,24.32244614315497,1
0,4,4,4,4,4,25.637081474644926,1
1,4,1,2,4,3,60.85786178243315,1
1,3,3,3,4,3,11.799564727167844,1
0,3,4,4,4,4,25.58199027884369,1
0,5,3,4,4,4,25.73671342169605,1
0,5,4,3,4,4,28.692346316620043,1
0,3,4,4,4,4,23.236360256529416,1
1,4,2,4,4,4,39.10663074650213,1
1,4,2,3,3,3,28.70524248375888,1
1,1,4,3,3,2,14.309310045953326,1
0,4,5,4,5,5,26.958537768911413,1
0,4,5,4,5,5,22.670596236681025,1
0,5,5,5,3,5,0.0,1
0,5,3,4,5,4,25.519969376036748,1
1,4,3,2,4,3,26.269080582179622,1
0,5,4,4,5,5,24.186721489902045,1
0,3,5,3,5,4,26.56748140276302,1
0,4,3,5,5,5,25.486364794834763,1
0,3,4,4,3,4,16.102352407301684,1
0,5,5,3,5,5,29.62085308056872,1
0,2,2,1,4,2,17.24369168279271,1
1,3,3,3,3,3,15.094845948711068,1
0,3,4,4,3,3,11.35890348718337,1
0,4,4,4,5,4,23.803856224708404,1
0,5,4,5,5,5,26.074486115336143,1
0,2,3,3,2,2,11.725941299937851,1
0,4,5,4,4,5,26.229508196721312,1
0,4,4,3,3,4,25.943328240754084,1
0,3,3,2,4,3,15.053943296813582,1
1,1,1,1,2,1,9.824051242,1
0,5,4,4,4,4,61.991476172026346,1
1,5,3,4,5,4,24.86462592551663,1
0,4,4,4,5,4,24.97987732104693,1
0,4,4,4,5,4,28.97710808461316,1
0,4,4,4,4,4,23.74974553844066,1
0,5,4,4,5,4,23.092554960280804,1
0,4,5,5,5,5,27.03189763921427,1
0,3,4,1,5,3,18.209776626740044,1
0,4,4,4,5,4,34.96605378944608,1
0,5,2,3,4,4,41.69159098736564,1
1,5,4,5,5,5,24.64268112370626,1
0,4,5,4,4,4,22.534364906482384,1
0,4,3,4,5,4,32.402307044261555,1
0,4,4,4,4,4,23.678913927147875,1
0,4,5,5,5,5,26.198585276395075,1
1,3,2,2,3,2,27.715811532481577,1
0,5,4,5,4,5,24.762982878166124,1
0,4,5,5,4,5,21.45002145002145,1
1,5,3,4,5,4,25.660764690787783,1
0,4,4,4,4,4,24.78775484910454,1
0,5,3,3,4,4,22.228396776882462,1
0,5,5,4,4,5,25.525087514585763,1
0,5,5,5,5,5,27.07092582566324,1
1,4,2,3,4,3,70.57661091114404,1
0,4,4,4,5,4,27.197316531435565,1
0,4,4,4,4,4,61.52899553914782,1
1,5,5,5,5,5,28.826751225136928,1
0,3,3,4,4,4,25.00982529,1
0,4,4,5,5,5,27.00513097488523,1
0,4,4,3,3,3,18.81506877952921,1
0,4,5,4,4,5,18.43355726691791,1
0,4,3,4,4,4,24.37003460544914,1
0,3,3,5,4,4,30.23583954847813,1
0,5,4,4,4,4,21.661431820643344,1
0,4,4,3,4,4,26.99929801825153,1
0,4,4,4,4,4,24.23263327948304,1
1,5,5,5,5,5,36.076337530213934,1
0,3,3,1,4,3,23.48612361529729,0
1,4,1,1,4,2,23.058742145615955,0
0,2,3,2,2,2,18.587360594795538,0
0,4,3,3,4,4,23.19468068656255,0
0,4,3,4,4,4,25.198790458058014,0
0,4,3,5,4,4,24.84472049689441,0
1,4,3,4,4,4,24.22333918730697,0
0,4,3,4,4,4,26.56042496679947,0
1,5,4,3,4,4,24.42598925256473,0
1,1,2,1,3,1,24.30935389,0
1,3,4,4,4,4,22.36761169826092,0
0,4,3,5,3,4,20.98538018513769,0
1,4,3,4,4,4,22.08236722976703,0
1,4,2,2,3,3,26.84984225717674,0
0,3,3,3,2,3,43.03315818082986,0
1,2,2,2,3,2,11.525310863245783,0
0,3,3,2,3,3,22.2000222,0
0,4,4,4,3,4,32.00512081933109,0
1,3,1,2,3,2,32.56878923058703,0
0,4,3,5,4,4,21.533161068044787,0
0,3,3,5,4,4,26.26395272488509,0
1,3,1,2,4,2,34.124285522771864,0
0,4,3,4,5,4,29.15451895043732,0
1,3,1,1,3,2,32.170201814399384,0
1,3,1,2,4,3,24.39738460037084,0
1,2,2,2,3,2,20.88691043,0
0,4,3,2,4,3,22.710497927667063,0
0,5,4,4,4,4,73.33469138317376,0
0,4,3,3,5,4,26.350461133069828,0
1,5,4,5,4,5,24.23067604,0
0,4,3,4,3,4,24.22187235073272,0
1,5,5,3,3,5,23.610892491736188,0
0,4,2,4,4,4,70.61240210553345,0
0,3,3,4,4,4,22.27667631989307,0
0,5,4,5,4,5,25.582808352786927,0
1,3,2,3,3,3,96.99891243643631,0
0,4,2,3,3,3,26.89075630252101,0
0,3,3,5,3,3,29.651593773165303,0
1,2,2,2,3,2,60.956598201430026,0
0,4,2,3,4,3,29.32264685758968,0
0,4,4,3,4,4,23.12406058503873,0
0,4,2,4,4,3,27.359781121751027,0
0,4,4,5,5,5,21.58195748354376,0
0,3,2,3,3,3,22.04099625303064,0
0,3,2,2,5,3,29.562475364603863,0
0,3,3,4,3,4,27.319011548491247,0
0,4,4,4,3,4,29.35420743639921,0
1,3,2,2,3,3,34.22839113396905,0
1,3,3,3,4,3,9.371592148309706,0
1,4,1,1,4,3,119.1262873505864,0
0,4,2,2,4,3,16.59628611997271,0
0,4,3,5,4,4,25.01876407305479,0
0,4,3,4,4,4,25.34854245880862,0
1,3,2,2,3,3,24.39842630150355,0
0,4,2,5,5,4,31.41032352633232,0
0,5,4,2,4,4,29.56830277942046,0
1,4,1,2,4,3,77.36801385255868,0
0,4,2,3,4,3,24.35262602483968,0
0,4,2,3,3,3,26.56571694228598,0
1,5,4,4,5,5,26.408450704225352,0
0,4,3,3,4,4,25.975712708617444,0
0,4,2,4,3,3,24.187696525034266,0
0,4,3,3,5,4,22.254367419606098,0
0,3,3,3,4,3,45.048166886132094,0
0,3,3,2,5,4,27.01242571582928,0
0,4,2,3,4,3,23.98944464435648,0
0,5,5,5,5,5,28.34467120181406,0
1,4,3,3,4,4,25.252525252525253,0
0,4,4,4,4,4,23.142791020597084,0
0,4,2,4,4,4,25.38071065989848,0
0,5,3,5,3,4,24.77455158061639,0
0,5,4,5,4,5,27.42882220637446,0
1,4,2,4,4,3,15.321496058970736,0
0,4,4,1,4,3,26.05750021714584,0
0,4,3,5,4,4,27.467496795458707,0
1,4,3,3,4,3,21.891418563922944,0
0,4,4,4,4,4,21.164021164021165,0
0,5,5,5,3,5,28.410705153701915,0
0,4,3,2,3,3,26.106934001670844,0
0,4,3,3,4,3,21.33055246130875,0
0,3,2,2,4,2,51.30149666540272,0
0,4,4,3,4,4,27.06359945872801,0
1,2,1,1,3,1,25.271138254185534,0
1,3,2,3,4,3,25.71272458,0
0,5,2,1,5,3,60.03527072154891,0
0,4,3,4,5,4,20.50440844781628,0
0,4,3,2,4,3,29.33985330073349,0
0,4,3,3,4,4,23.92249112874288,0
1,4,2,4,4,3,26.17686837398019,0
0,4,4,5,5,4,30.62787136294028,0
0,4,3,4,4,4,28.70264064293915,0
1,2,1,1,3,1,67.39395981635145,0
0,4,2,4,4,4,21.17746717492588,0
0,4,2,3,3,3,22.30027317834644,0
0,4,3,3,3,4,55.865921787709496,0
1,1,2,1,2,1,77.75645638442472,0
0,4,3,3,4,3,25.84647195657793,0
0,4,4,4,5,4,22.74795268425841,0
0,3,4,4,2,3,20.437359493153483,0
0,3,2,4,4,4,33.33846232753757,0
0,4,3,4,5,4,24.224806201550383,0
0,3,3,3,3,3,32.53090435914118,0
0,4,4,4,4,4,23.49939572982409,0
0,4,3,3,3,3,38.46523704202327,0
0,4,4,4,4,4,31.17206982543641,0
0,3,3,3,2,3,20.425974411824782,0
0,4,3,4,5,4,23.355391202802647,0
0,4,2,5,3,4,23.996928393165675,0
1,4,2,2,4,3,66.08591168519075,0
0,5,4,4,4,4,71.99424046076314,0
0,4,4,4,4,4,22.48706993,0
1,4,2,5,4,4,32.36682400539447,0
0,3,3,3,4,4,48.52013586,0
0,4,3,5,5,5,27.206442485580585,0
1,1,4,3,3,2,175.2998133088631,0
0,1,2,2,2,1,21.46613716861651,0
0,4,5,4,4,4,22.703193582563948,0
0,3,5,3,3,4,30.26176426085641,0
0,3,1,4,2,2,17.568517217146873,0
1,2,1,2,1,1,29.01353965183753,0
0,2,3,4,2,3,0.0,0
1,3,2,2,2,2,10.969055076844326,0
0,2,3,2,2,2,17.13208840157615,0
0,2,2,3,2,2,25.041736227045075,0
0,1,3,1,1,1,0.0,0
0,2,2,2,2,2,21.20665889089174,0
0,2,4,3,1,3,21.79598953792502,0
0,2,2,1,1,1,34.32887058015791,0
0,2,2,2,2,2,26.24901566191268,0
0,2,1,2,1,1,24.288248711666807,0
0,1,2,1,1,1,12.25014802262194,0
0,1,2,4,1,1,0.0,0
0,4,4,4,5,4,21.90580503833516,0
1,3,2,3,3,3,0.0,0
0,2,2,2,1,1,31.133250311332503,0
0,3,3,3,2,2,24.19989110049005,0
0,2,1,2,2,1,25.85983966899405,0
0,2,3,1,2,2,50.479555779909134,0
0,2,3,3,2,3,23.881819112278663,0
0,1,2,2,2,1,19.70025307248178,0
0,2,4,4,1,2,43.63001745200698,0
0,2,2,2,1,2,25.94976126219639,0
0,2,2,2,1,1,0.0,0
0,1,1,1,1,1,25.60819462227913,0
0,2,1,2,1,1,0.0,0
0,2,2,3,2,2,23.679848448969928,0
1,1,2,1,2,1,11.49415124534708,0
0,2,1,5,3,3,20.92925910422771,0
0,1,2,3,1,1,25.24774348292621,0
0,2,2,2,3,2,0.0,0
0,2,3,3,2,2,24.09638554216868,0
0,2,2,3,1,2,32.43593902043464,0
0,1,3,1,1,1,0.0,0
0,3,4,3,3,3,28.86836027713625,0
0,1,3,3,1,1,0.0,0
0,2,1,2,2,1,21.88183807439825,0
0,3,3,2,1,2,26.334269662921347,0
0,3,5,5,2,5,26.714158504007123,0
0,3,4,4,2,3,21.39495079161318,0
0,3,2,3,2,2,26.37362637362637,0
0,2,3,2,1,1,27.434842249657063,0
0,2,3,3,2,2,28.935185185185187,0
0,2,1,3,2,2,21.408691928923144,0
0,2,2,2,1,1,27.51788663,0
0,1,3,2,1,1,32.96522169111587,0
0,4,3,2,1,2,19.55416503715292,0
0,2,4,5,2,3,0.0,0
0,2,3,2,3,2,26.399155227032736,0
0,2,4,2,2,2,47.41583689,0
0,2,2,3,4,3,0.0,0
1,2,1,2,2,2,21.88690905345556,0
0,2,2,2,2,2,25.36783358701167,0
0,2,2,3,2,2,31.14779629341224,0
0,2,3,2,2,2,0.0,0
0,2,3,2,3,2,0.0,0
0,1,3,2,2,1,0.0,0
0,2,2,2,2,2,18.681113394358302,0
0,3,2,2,2,2,26.59810267,0
0,1,4,3,2,2,49.85044865403788,0
0,1,3,3,2,2,33.09066843150232,0
0,2,2,1,2,1,18.59427296392711,0
0,3,2,2,3,2,30.33060357901122,0
0,3,3,1,2,2,24.375380865326026,0
1,3,1,1,3,2,23.56360208930605,0
0,3,1,1,2,2,23.102691463555505,0
0,2,3,2,1,2,24.62447672986949,0
0,2,2,3,2,2,17.298045320878742,0
0,3,2,2,3,2,29.73240832507433,0
0,2,2,2,2,2,31.68065895770632,0
0,4,3,3,3,3,28.574149919039908,0
0,3,2,3,2,2,22.087244616234123,0
0,2,3,3,2,2,27.818991097922847,0
1,5,3,3,4,4,24.15809054452336,0
0,3,1,1,4,2,22.021581149526536,0
0,4,3,3,3,3,25.079418157498747,0
0,2,1,3,2,2,0.0,0
1,3,3,2,4,3,17.21466689619556,0
0,4,2,2,3,3,24.53720112325854,0
1,1,2,1,3,1,19.328011074029963,0
0,1,4,3,2,2,0.0,0
0,3,2,2,1,2,17.618040873854827,0
0,2,4,3,3,3,32.50975292587776,0
0,2,1,2,4,2,38.47633705271258,0
0,2,3,3,2,2,20.61855670103093,0
0,3,2,2,3,2,27.55073927817063,0
0,1,2,4,2,2,0.0,0
0,2,3,3,2,2,0.0,0
0,2,2,2,1,1,50.58168942842691,0
0,2,3,2,1,2,0.0,0
0,3,2,2,2,2,40.86636697997548,0
1,3,3,2,3,3,14.72874560183291,0
1,2,1,2,2,1,21.934634788330776,0
0,2,3,4,3,3,28.86002886002886,0
0,3,3,4,3,3,0.0,0
0,3,2,3,4,3,34.89183531053733,0
0,2,2,2,2,2,28.95752895752896,0
0,1,4,3,2,2,0.0,0
1,3,2,3,2,2,31.421838177533385,0
0,3,2,3,2,2,27.19608376393799,0
0,4,4,2,4,4,19.35359009096188,0
0,2,2,1,3,2,30.54367745876604,0
0,3,3,3,1,2,24.68221646303838,0
0,3,2,3,4,3,0.0,0
0,3,2,4,2,3,26.932399676811205,0
0,3,3,3,2,3,23.38907730090048,0
1,2,2,1,3,2,9.943421929222724,0
0,3,2,2,3,2,25.15582636889621,0
0,3,3,2,2,2,0.0,0
0,2,2,2,3,2,0.0,0
0,3,3,2,4,3,0.0,0
0,2,2,2,3,2,25.622775800711743,0
1,4,2,2,2,3,25.664057487488773,0
0,3,2,4,3,3,20.648358455502787,0
0,4,3,2,1,2,27.72387025228722,0
0,3,2,2,4,3,28.16504717645402,0
0,2,2,3,1,2,22.977941176470587,0
0,2,1,2,3,2,25.173064820641912,0
0,2,3,4,3,3,37.10575139146568,0
0,2,2,4,1,1,34.35245620061834,0
0,2,2,2,2,2,21.65439584,0
0,2,2,2,2,2,27.859033291544783,0
0,3,2,1,3,2,24.462587530196007,0
0,3,2,1,2,2,19.07668828691339,0
0,2,2,3,2,2,27.56339581036384,0
0,3,3,4,2,3,24.54288869799976,0
0,2,3,3,1,2,0.0,0
0,4,3,1,3,3,27.862914460852604,0
1,2,1,1,3,1,8.697669025,0
1,3,1,1,3,1,23.87090613959706,0
0,3,2,2,3,2,24.590835815186207,0
1,3,1,1,3,2,23.37404312510957,0
0,2,4,2,3,3,19.01502186727515,0
0,4,1,3,3,3,32.362459546925564,0
0,2,3,2,4,2,0.0,0
0,4,3,1,4,3,33.211557622052474,0
0,2,2,3,2,2,19.36858415649816,0
0,1,3,2,2,1,0.0,0
0,3,4,4,3,4,28.61639719559308,0
0,1,3,4,2,2,23.58490566037736,0
1,2,1,1,2,1,24.584521585209952,0
0,3,3,1,3,2,21.244954323348203,0
0,2,3,2,3,3,27.285129604365626,0
0,3,4,3,4,3,0.0,0
0,3,1,2,1,1,21.673168617251843,0
0,4,2,4,4,3,53.83468610236873,1
1,4,3,2,3,3,49.65816536265677,1
0,2,2,1,2,2,44.27950913001308,1
0,5,3,2,3,3,26.908070499144703,1
0,4,3,5,5,5,0.0,1
0,2,5,4,3,4,0.0,1
0,4,4,3,2,3,23.404130829091336,1
0,4,3,4,3,4,16.929067208396816,1
0,4,2,3,3,3,19.398642095053347,1
0,4,1,3,4,3,53.95302233269746,1
0,4,3,5,5,5,22.12878955521133,1
0,5,1,5,4,4,87.96703551090329,1
0,5,4,2,4,4,29.895366218236173,1
1,2,2,1,3,2,25.374270489723425,1
1,2,2,2,3,2,55.92002073132476,1
0,5,4,3,4,4,30.324471848781968,1
1,2,2,3,3,2,90.05366463280158,1
0,2,2,1,3,2,110.94184660219896,1
0,1,2,1,2,1,113.88560823350768,1
0,2,1,1,3,2,79.92662473794549,1
0,3,3,3,4,3,124.15034606908966,1
0,1,2,1,2,1,59.44103001211251,1
1,2,1,1,3,1,143.72215691891304,1
0,1,1,1,3,1,88.68429069491927,1
1,1,1,1,2,1,109.20047275814426,1
1,2,1,1,4,2,137.39645628330672,1
0,3,2,2,4,2,55.74783396436784,1
1,2,3,2,3,2,108.383876,1
1,1,1,1,1,1,39.019251647300365,1
1,2,1,1,2,1,45.53167672065317,1
1,2,2,2,3,2,7.434289682966673,1
1,2,2,2,2,2,105.86558215588444,1
1,5,3,3,4,4,100.80645161290325,1
1,3,3,1,3,2,69.14076201194571,1
1,3,1,1,3,2,12.358987386966762,1
1,3,2,1,3,2,43.82776436518549,1
1,1,1,1,1,1,42.95669328920992,1
1,2,2,1,2,2,52.27687341,1
1,2,2,1,2,1,63.35261560950746,1
1,1,1,1,1,1,75.21528782595948,1
1,1,1,1,1,1,48.171973946990754,1
1,3,3,1,3,2,79.32906378056728,1
1,3,3,1,3,2,52.05006269666643,1
1,4,2,2,3,3,13.952623093141511,1
1,1,1,1,2,1,44.62051458306953,1
1,2,2,1,2,1,64.27357043139315,1
1,2,2,1,3,2,46.32691175722518,1
1,2,1,1,3,2,94.30879126009616,1
1,2,3,2,4,2,76.17331355,1
0,3,4,2,3,3,28.19283902,1
0,5,4,4,4,4,44.20057918000305,1
0,5,5,4,5,5,25.57264457677273,1
0,3,4,3,3,3,78.64108210128971,1
0,5,4,4,5,4,41.54795821462488,1
0,3,3,4,4,3,0.0,1
1,4,3,2,4,3,42.09049456331112,1
0,4,4,4,3,4,63.864890276570456,1
0,3,4,3,5,4,72.71719934900793,1
0,4,5,3,4,4,22.37637055269636,1
0,1,4,2,4,2,0.0,1
0,4,4,3,4,4,22.070183182520417,1
0,5,4,3,3,4,37.71942550413463,1
0,3,3,4,2,3,101.38902970698572,1
0,1,1,1,2,1,55.88153115395362,1
0,5,4,5,5,5,24.363503471799245,1
0,5,5,4,5,5,21.520996422134345,1
0,4,4,2,5,4,21.748586341887776,1
0,4,3,3,5,4,45.91860163,1
0,4,4,4,5,4,23.378141437755698,1
0,4,4,3,5,4,283.03777176635606,1
0,4,4,2,5,4,25.486797838719543,1
1,3,2,2,4,3,51.40569228,1
1,4,5,3,4,4,35.09144176860867,1
0,4,4,3,4,4,105.82010582010582,1
1,1,3,2,2,2,90.95845777898452,1
0,3,4,5,4,5,26.219192448872576,1
0,4,5,3,5,5,23.089355806972986,1
0,2,4,3,3,3,81.91499044325111,1
1,4,3,4,5,4,70.51734085518302,1
0,4,5,3,3,4,23.299161230195715,1
1,5,3,3,5,4,68.42735515113235,1
1,1,2,1,3,1,38.32525146886398,1
0,4,4,2,4,3,18.867924528301888,1
1,5,5,2,5,4,54.77507073083307,1
1,2,3,2,4,3,81.06150034704454,1
0,4,3,3,4,3,33.11848775889741,1
0,4,3,2,4,3,68.54270591371235,1
0,4,3,3,4,3,62.24003400431126,1
1,3,3,3,4,3,38.74997150737389,1
0,3,3,3,4,3,44.63742239175425,1
0,4,3,1,3,3,41.71523219434391,1
0,2,3,2,2,2,74.36146136437117,1
0,3,2,1,4,2,65.69088333709688,1
0,3,4,2,4,3,53.78657487091222,1
1,2,2,1,2,2,73.33434717223433,1
1,2,2,2,3,2,91.85265835907992,1
0,3,3,2,3,3,41.452925022021866,1
0,4,4,3,3,4,25.486697904209223,1
0,4,3,3,4,4,22.10066854522349,1
0,4,2,2,4,3,60.96218651042284,1
0,3,4,3,3,3,85.29405646050469,1
0,2,3,2,2,2,21.290185224611456,1
1,4,3,2,4,4,39.33415148,1
1,4,3,2,4,3,48.31900717155791,1
1,3,4,1,3,3,33.603748889465145,1
0,4,3,2,3,3,66.40351200796842,1
1,3,2,1,4,2,34.04413357680047,1
1,3,2,1,3,2,44.38957399880703,1
1,1,2,1,3,2,60.59505950061129,1
0,4,3,3,4,3,34.227958201622805,1
1,1,1,1,1,1,49.67567093479442,1
1,1,2,1,1,1,34.92378236183852,1
1,4,2,2,4,3,70.29909923420848,1
1,3,3,2,3,3,73.00586624,1
1,2,3,1,3,2,70.29163550902682,1
1,2,1,1,3,2,37.46002740977615,1
1,3,2,1,2,2,70.96496404,1
1,5,3,2,4,4,21.46025084648767,1
1,4,2,2,4,3,58.085019873374655,1
0,1,3,1,3,2,49.19726463208646,1
1,2,1,1,1,1,69.41091260260744,1
1,4,3,1,3,3,26.96956854,1
1,3,2,2,3,2,31.258009865027912,1
1,3,2,1,3,2,70.98731524283578,1
1,2,3,1,1,1,35.643220659430575,1
0,4,3,2,4,3,39.45162244797317,1
1,2,2,1,3,2,25.341329930778155,1
1,3,2,2,3,2,48.43553230650005,1
1,4,3,2,4,3,25.26289196955821,1
0,3,4,3,3,3,27.26876090750436,1
0,4,4,3,4,4,25.68786391140541,1
0,3,2,2,4,3,36.67817953968885,1
1,2,3,1,1,1,77.22961291743707,1
0,3,4,2,3,3,102.87794455142578,1
1,3,3,2,4,3,60.42417772764809,1
1,2,3,1,4,2,56.58495415659646,1
1,3,3,1,2,2,78.11417966261322,1
1,1,2,2,2,2,23.108564033830937,1
1,4,2,3,4,4,20.81165452653486,1
1,4,3,2,4,3,19.59204998,1
1,1,2,1,1,1,40.03181910570154,1
0,4,3,2,3,3,36.37333591988167,1
1,4,4,4,3,3,51.78045088823389,1
1,3,2,2,4,2,46.683549484562455,1
1,4,3,3,4,4,59.12230254494639,1
0,3,3,3,4,4,27.603974972396024,1
0,5,3,4,5,4,27.044778425993897,1
0,3,2,4,5,4,44.45761707172496,1
0,3,4,2,2,3,22.68473884194408,1
0,3,4,3,3,3,67.34998842422074,1
0,4,5,4,5,5,24.60145640621925,1
0,4,5,4,4,4,58.04841237592152,1
1,2,1,3,3,2,97.34238505626556,1
1,1,1,2,2,1,74.36668372569089,1
1,4,4,4,4,4,107.7658786286792,1
1,2,1,1,3,2,70.72430003744228,1
1,4,3,3,5,4,79.63441676978303,1
0,3,1,1,4,2,29.33124755572937,1
0,2,2,2,2,2,93.38021798444636,1
0,4,3,4,5,4,51.96154845414393,1
1,3,3,3,3,3,70.11404789625693,1
1,1,1,1,3,1,18.90139288726046,1
0,3,3,3,4,3,51.42143539263939,1
0,3,3,3,3,3,27.480076944215444,1
0,2,2,4,3,3,27.958993476234856,1
0,3,3,3,4,3,44.27831495268399,1
0,4,4,5,5,4,70.15697623,1
1,3,2,3,4,3,93.09914579134274,1
1,3,3,2,5,3,64.14171328961058,1
1,3,1,1,2,1,76.41570141570142,1
0,2,2,1,1,1,73.89092562594139,1
1,4,2,2,4,3,77.4116471,1
1,3,2,2,3,2,74.57659738,1
0,4,3,5,5,4,16.914463557788263,1
1,1,3,1,3,1,30.20860911417497,1
1,4,3,4,5,4,47.55894565475864,1
1,1,2,2,3,1,60.87345177149971,1
1,4,1,2,4,2,46.03978472431695,1
1,3,2,2,4,3,79.80996727319094,1
1,4,3,2,5,4,25.82866982350409,1
0,4,4,4,5,4,23.11871459946827,1
0,4,3,2,3,3,59.992115321986255,1
0,5,4,3,5,5,23.53938139,1
1,2,2,1,3,2,49.82268983910202,1
0,4,4,4,5,4,47.30458476035497,1
0,4,2,2,4,3,48.96540830832412,1
1,3,3,3,3,3,58.74750323111268,1
1,2,1,2,3,2,52.29701095532212,1
0,4,4,3,4,4,24.70660901791229,1
1,5,4,2,5,4,26.999402156095115,1
0,3,5,2,2,3,17.765144785930005,1
1,2,1,2,3,2,54.330628742693726,1
0,3,3,1,4,3,58.21427705144687,1
1,3,1,2,4,2,43.918640718069774,1
1,3,4,3,5,4,29.77963073257892,1
0,3,3,2,4,3,58.78401074907625,1
0,4,3,4,4,4,44.56404367,1
1,3,1,2,4,2,43.86899464798265,1
0,4,3,3,5,4,75.53373469886478,1
0,3,3,3,2,2,47.07128357506399,1
1,3,2,3,4,3,23.663038334122103,1
0,3,4,4,5,4,25.52105487026797,1
1,1,1,1,2,1,42.79611850077191,1
0,2,2,4,4,3,65.51791915088776,1
0,4,4,3,4,4,25.477707006369428,1
0,1,2,2,3,2,44.05286343612335,1
1,3,2,3,4,3,51.91502887,1
1,1,2,1,2,1,93.79476043062422,1
0,4,4,5,5,5,24.23889858444832,1
1,5,2,2,5,4,49.52760356383408,1
1,1,1,1,2,1,20.74288125773388,1
1,3,4,3,3,3,116.35122556624265,1
0,3,2,2,4,3,47.60830890275376,1
1,3,1,2,3,2,74.52358139,1
0,4,2,3,4,3,22.27171492,1
1,3,2,3,4,3,33.16664965812838,1
1,2,3,2,3,2,54.810162717670565,1
0,2,1,3,2,2,49.20291281,1
1,4,3,3,5,4,84.15855471708699,1
0,4,4,4,5,4,70.00656311529205,1
0,4,4,4,5,5,43.84139816906432,1
1,4,3,3,4,4,60.93712594398137,1
1,3,2,3,4,3,103.82568820569024,1
0,4,3,4,4,4,68.96448329110508,1
0,4,3,4,3,4,56.50338235524932,1
0,4,4,4,5,4,47.604379602923466,1
0,4,2,3,3,3,54.44646098,1
1,4,2,3,5,4,103.33024777732332,1
0,3,2,3,4,3,61.84121923399343,1
0,3,4,4,3,4,28.10172825628776,1
0,2,3,2,3,2,57.46778779263202,1
0,5,4,3,5,4,24.224806201550383,1
1,2,1,1,2,1,39.519516207596936,1
0,4,3,4,4,4,67.40361283364788,1
1,1,1,1,2,1,32.546346,1
0,4,3,4,5,4,24.60145640621925,1
0,4,4,5,4,4,23.994241382068303,1
0,2,4,1,2,2,36.02237178879515,1
1,3,3,3,4,3,38.57063649585768,1
0,4,3,3,5,4,133.55011032400418,1
0,3,4,3,4,4,37.98228310278496,1
1,4,2,4,5,4,74.03685977947592,1
0,3,3,4,4,3,90.91425649184612,1
0,1,4,2,1,1,42.58943781942078,1
0,2,2,2,3,2,27.19115381,1
0,4,5,5,5,5,29.40311673037342,1
0,2,1,3,1,1,0.0,1
0,2,3,1,1,2,30.07518796992481,1
0,2,2,3,1,1,30.883261272390364,1
0,3,3,2,2,2,44.662795891022775,1
1,1,1,1,2,1,16.563604240282686,1
1,1,1,1,3,1,26.37067580850095,1
0,2,3,2,3,3,25.85983966899405,1
0,2,2,2,2,2,19.37984496124031,1
0,3,2,4,1,2,42.21190375685944,1
0,3,4,3,2,2,23.34267040149393,1
0,3,3,3,3,3,42.19409282700422,1
0,2,2,3,2,2,29.18855808523059,1
0,2,1,1,1,1,29.895366218236173,1
0,2,3,3,1,2,0.0,1
1,2,2,1,4,2,35.820211195965214,1
0,1,4,4,2,2,42.21190375685944,1
0,1,2,2,1,1,43.27131112072696,1
0,3,3,2,3,3,37.893141341417206,1
0,2,2,2,4,2,41.339396444811904,1
0,3,3,2,3,2,24.32498175626368,1
0,3,2,1,2,2,0.0,1
0,3,3,2,3,2,16.914749661705006,1
0,1,2,4,1,2,36.53635367190354,1
0,4,3,2,1,3,18.66019779809666,1
0,2,2,2,2,2,20.885547201336674,1
0,2,3,1,3,2,23.06539038173221,1
1,4,1,3,3,3,23.622312961900583,1
0,3,5,4,2,3,20.67183463,1
0,2,3,2,1,2,32.98153034300792,1
1,4,4,2,4,3,0.0,1
0,3,2,2,2,2,28.02690582959641,1
0,2,3,2,1,1,22.86759662,1
0,2,2,2,3,2,25.911210917256867,1
0,3,3,1,2,2,18.32508704416346,1
0,3,3,2,2,2,38.86513797,1
0,3,3,1,3,2,24.49629493539102,1
0,4,5,5,5,5,27.384130896145685,1
0,3,2,2,3,2,25.713551041398816,1
0,2,1,4,2,2,0.0,1
1,5,5,5,5,5,22.56826901376665,1
0,4,3,2,3,3,0.0,1
0,3,3,2,2,3,20.10926031437477,1
0,2,3,2,1,2,0.0,1
0,3,2,2,2,2,23.68770134546144,1
0,2,4,2,2,2,43.63001745200698,1
0,2,2,1,2,2,24.76780185758514,1
0,4,3,2,2,3,27.285129604365626,1
0,3,2,1,2,2,13.05217971401224,1
0,2,2,2,1,1,23.929169657812874,1
0,4,3,2,2,3,37.92307935404355,1
0,4,3,4,5,4,160.07968410942337,1
1,3,2,3,4,3,72.61331498891691,1
0,3,2,2,4,3,48.74116566372345,1
0,5,4,4,4,4,107.89009326947316,1
0,3,4,1,5,3,39.93671566594473,1
0,3,2,2,4,3,30.52037234854265,1
1,4,3,3,4,4,53.44658230773676,1
1,4,3,3,5,4,163.4172359790281,1
1,3,2,1,4,2,199.6584929798361,1
1,5,2,3,4,4,49.807883876476446,1
0,4,3,2,4,3,104.65858328015317,1
1,4,2,3,5,4,182.1185973930604,1
1,3,1,2,4,2,171.06597975056192,1
0,4,2,3,4,3,155.3017632723276,1
0,4,3,3,4,4,40.86287180461846,1
0,4,4,4,5,5,24.54657029864994,1
0,4,3,3,5,4,94.15087678,1
1,2,3,2,3,2,115.27675159488685,1
0,4,3,2,4,3,132.2219028456453,1
0,3,2,2,4,3,46.76782373726876,1
1,1,1,1,2,1,32.27581536117167,1
0,3,3,3,3,3,102.89151540734488,1
1,3,1,1,3,2,56.60515573077256,1
0,4,3,3,4,4,191.51084647794144,1
1,1,2,1,4,2,86.59884849,1
1,3,3,2,4,3,56.51580087599491,1
0,2,3,4,3,3,125.09876218066896,1
1,2,2,2,1,2,74.45224420336099,1
1,2,2,1,4,2,93.10816978548608,1
0,4,3,4,4,4,88.65697350423021,1
1,1,2,2,3,2,150.99911286470257,1
0,3,3,2,4,3,89.86150755893858,1
0,4,3,3,5,4,75.82459244281561,1
0,4,4,5,5,4,64.42883834804458,1
0,4,2,2,4,3,50.19720329867336,1
0,4,3,5,5,4,141.5017745714352,1
1,4,4,3,4,4,52.28302544440572,1
0,5,4,3,3,4,20.59402315683493,1
0,4,3,2,4,3,107.31807031888798,1
0,4,3,4,5,4,91.69544884922212,1
1,3,3,3,4,3,76.91511234043811,1
0,3,3,2,4,3,52.56414468280824,1
1,3,2,2,3,2,117.76713511815969,1
1,4,3,4,5,4,131.70089263938343,1
1,3,1,2,4,2,41.23419846608782,1
0,4,3,2,4,3,94.73869745,1
1,3,3,2,4,3,117.07021911204212,1
1,2,3,3,4,3,100.50597976080957,1
1,4,4,2,4,4,94.17277258,1
1,2,2,3,3,3,112.0099564405725,1
0,4,4,3,4,4,141.72508381590978,1
1,2,1,1,3,2,70.63796335,1
0,5,3,4,5,4,77.10430499036197,1
0,3,2,1,3,2,31.795724697940614,1
1,3,2,2,4,3,89.54016791188477,1
0,4,4,5,4,4,27.69699487605595,1
1,2,2,2,4,3,210.22559834522423,1
0,5,3,4,5,4,26.923335801305782,1
1,4,2,3,4,3,68.50879196163508,1
0,3,3,3,4,3,25.584072751799606,1
0,5,4,3,4,4,27.721948853004367,1
0,3,2,2,3,3,58.56372465288792,1
0,4,3,2,5,4,26.23707823896731,1
1,5,3,3,5,4,41.72809970233956,1
1,4,2,2,4,3,47.53186395324273,1
0,4,4,4,5,5,113.08219662166938,1
1,3,1,1,4,2,79.73003040866276,1
0,4,3,2,5,3,151.5844180842617,1
0,3,2,1,3,2,29.31175987806308,1
1,4,3,3,4,3,134.54975059070622,1
0,4,3,3,4,3,155.45451012397498,1
0,4,3,3,4,3,78.50342408551862,1
0,4,4,4,4,4,102.11203888012822,1
0,4,2,2,4,3,64.61919549101614,1
0,3,3,2,4,3,102.14713272998426,1
1,3,2,2,4,3,79.25029752216074,1
1,2,2,2,3,2,126.8998027234508,1
1,4,4,4,4,4,164.46405215999374,1
0,4,3,4,4,4,47.52697696021776,1
1,2,1,1,3,2,48.18830506903901,1
0,4,2,2,4,3,73.68162520613312,1
0,5,3,3,5,4,22.851919561243143,1
1,2,1,1,3,1,87.76509559644259,1
0,2,2,3,4,3,67.04385649344279,1
0,4,3,3,4,3,63.93254252810008,1
0,4,3,3,4,3,42.92997048564529,1
1,3,2,1,4,2,47.13409263008237,1
0,4,2,2,4,3,26.83483161143164,1
0,5,5,5,5,5,67.68647624204684,0
0,4,4,2,3,4,17.289073305670815,0
0,5,4,4,4,5,28.887123564671047,0
0,3,3,2,3,2,18.25150574922431,0
0,5,5,3,2,4,42.93688278231001,0
0,4,4,4,2,4,30.68425897514575,0
0,5,2,4,4,4,58.388915089043095,0
0,5,4,4,4,4,23.72077261945104,0
1,4,1,1,3,2,25.46866196911346,0
0,4,3,4,3,4,51.51452709664125,0
0,4,3,3,4,4,55.93884020137983,0
0,5,3,5,5,5,26.576307222111488,0
0,4,3,3,2,3,44.072278536800354,0
1,4,2,1,4,2,37.52510871,0
0,4,4,5,4,5,17.37619461337967,0
1,5,3,3,4,4,36.92317571418251,0
1,5,4,4,5,5,32.99241174529858,0
0,4,4,4,2,4,27.242389157529114,0
1,5,2,3,4,4,56.392832470992936,0
0,4,3,2,3,3,23.933260393873084,0
0,5,3,4,4,4,45.85716699249391,0
0,3,4,4,1,3,20.56766762649116,0
0,4,4,3,2,3,24.25418384671356,0
0,4,2,3,3,3,16.004865479105646,0
0,4,4,4,4,4,54.40696409,0
1,4,1,3,4,3,44.48151237142063,0
0,3,3,3,4,3,22.23704692,0
0,5,4,5,5,5,32.88932741,0
0,3,3,5,3,4,35.549235691432635,0
0,3,4,3,3,3,26.42007926023778,0
0,4,4,5,4,4,23.37358784573432,0
0,5,5,5,5,5,21.85473883587091,0
0,5,3,3,4,4,27.06464583977729,0
0,4,4,4,3,4,31.84713375796178,0
0,4,3,4,5,4,27.20594903418881,0
0,4,3,4,4,4,26.432882505837263,0
0,3,3,3,3,3,25.987525987525988,0
0,5,3,4,5,4,21.64736443338024,0
0,5,3,4,5,4,28.187541106830786,0
1,5,3,4,5,4,68.15676054926331,0
1,5,2,3,4,4,51.96304849884527,0
1,4,3,2,3,3,22.138097451904983,0
0,5,3,4,4,4,20.475020475020475,0
1,4,1,2,2,2,53.73166406963624,0
0,5,4,5,5,5,36.28556741556046,0
0,5,4,5,5,5,54.56078567531373,0
0,4,4,3,2,3,25.903380391141045,0
0,5,3,4,3,4,24.877168978170285,0
0,5,3,4,4,4,68.42118124282189,0
0,5,3,5,4,4,87.00696055684455,0
0,4,3,4,4,4,72.92068802813881,0
0,4,3,4,4,4,26.155187445510027,0
0,4,3,4,5,4,28.544243577545195,0
0,5,5,5,5,5,24.56600065509335,0
1,3,3,3,2,3,39.49271477105995,0
1,5,2,4,5,4,48.31900717155791,0
1,5,4,2,5,4,39.64693362268639,0
0,5,3,4,5,4,37.47423646243208,0
1,4,3,4,5,4,66.89369982972512,0
0,3,3,1,5,3,21.262491713881907,0
0,4,3,4,4,4,55.99982080057344,0
0,3,2,3,3,3,31.40292571,0
0,5,2,3,4,4,43.32573968218473,0
0,5,3,5,4,5,89.69414297,0
0,3,4,5,2,4,26.79528403001072,0
1,4,1,2,4,3,34.455929754362565,0
0,5,4,4,5,5,23.61925756800378,0
1,5,3,5,5,5,67.72445820433437,0
0,4,3,4,3,4,51.53368734735946,0
0,5,5,3,5,4,23.256895669566028,0
0,5,4,4,5,5,26.27775587964788,0
1,3,3,2,3,3,46.83855622928981,0
1,4,1,2,4,2,61.68788554928468,0
0,3,3,3,4,3,36.61450705311031,0
0,5,4,3,3,4,25.80423189403062,0
0,3,3,3,3,3,21.91780821917808,0
0,5,4,3,2,3,47.36867036142296,0
0,2,3,3,2,2,24.95321272613849,1
1,1,2,1,3,1,18.295123206220342,1
1,2,1,1,2,1,26.078128046140563,1
0,2,3,3,2,2,31.86404673393521,1
1,3,2,2,4,2,40.28603081881358,1
0,3,3,3,3,3,14.298423995932891,1
0,3,1,3,3,2,23.43676760101247,1
0,2,3,4,2,3,26.82883205151136,1
1,1,2,1,1,1,23.417421390643568,1
0,3,2,3,3,3,28.87077997671712,1
0,2,2,2,3,2,0.0,1
0,2,2,2,3,2,27.674000276740003,1
0,2,4,4,4,3,27.72387025228722,1
0,1,2,1,1,1,26.267402153926977,1
1,2,3,2,3,2,27.499099167441067,1
0,4,3,3,4,3,22.416498542927595,1
1,3,3,3,3,3,38.06668807917871,1
0,3,3,3,4,3,22.745882995177872,1
0,2,3,3,2,3,25.644313373509423,1
1,2,3,1,3,2,41.07995880901427,1
0,2,3,2,2,2,42.84031273428296,1
1,3,3,2,4,3,34.206003570773056,1
0,4,4,3,4,4,26.25188685436766,1
1,3,3,2,3,2,22.050243930823484,1
0,4,4,2,4,4,26.76898367091996,1
1,1,2,1,2,1,45.10449207330315,1
1,3,2,2,4,2,17.84121320249777,1
0,2,2,2,2,2,0.0,1
0,2,4,3,3,3,58.70381966,1
0,4,3,2,4,3,19.586848084406256,1
0,2,2,2,3,2,42.70517897352279,1
0,1,2,1,1,1,29.256875365710943,1
0,3,2,2,3,2,23.385430876563905,1
1,2,3,1,2,1,23.577881465303285,1
0,1,4,2,4,2,0.0,1
1,3,2,2,3,2,27.39270375769197,1
1,3,1,2,4,2,25.55056555194135,1
1,1,2,1,3,1,144.59182678240515,1
1,4,3,3,4,3,69.61725322905558,1
1,3,2,2,4,3,89.24086168,1
0,3,2,3,4,3,24.563989191844755,1
1,3,2,2,4,3,54.09360609,1
1,3,2,3,3,3,40.502870938793016,1
0,2,2,3,3,2,27.504530157908363,1
1,2,1,1,2,1,33.055475711411326,1
1,2,1,1,3,2,112.38130061191347,1
1,3,2,3,4,3,76.21840566,1
0,3,3,3,4,4,20.80299563137092,1
1,4,3,3,4,3,52.85247940307788,1
1,2,3,1,4,2,20.10328060410358,1
1,1,1,1,1,1,23.82682197067348,1
0,3,2,3,3,3,38.521790492822106,1
0,3,3,3,4,3,23.407662929653814,1
0,4,3,3,4,4,30.352084176446784,1
1,4,2,2,4,3,23.962139819085845,1
0,3,4,3,3,3,67.79505211026463,1
1,2,1,1,3,1,42.65126846512849,1
1,1,2,2,3,2,33.82825541803634,1
1,2,2,1,3,2,60.46422296360054,1
0,3,3,2,3,3,45.000160714859696,1
1,2,3,2,4,3,77.38246642281636,1
1,4,3,4,4,4,131.1192067287993,1
0,5,5,4,5,5,26.691578806886422,1
1,3,1,2,4,3,53.04275507998978,1
0,4,3,3,4,3,27.29816419845765,1
0,4,4,2,4,4,58.40346173245905,1
0,4,4,2,4,4,47.98883169,1
0,3,3,2,4,3,64.00658353430639,1
0,4,3,4,4,4,51.59842961301178,1
0,4,3,3,4,4,24.182822135343194,1
1,2,2,2,3,2,92.48565768100428,1
1,3,2,2,3,2,27.57404663202716,1
0,4,2,3,4,3,145.71660943430328,1
1,3,2,2,4,3,30.668127053669224,1
1,2,2,2,3,2,29.82229258,1
1,3,2,3,4,3,21.94928461010232,1
1,3,2,2,4,3,36.10946325862113,1
0,3,4,2,4,4,42.24459621206788,1
1,3,3,3,4,3,50.61170352013124,1
0,4,3,4,4,4,38.63904690350972,1
1,3,3,1,3,3,45.47467180450678,1
1,1,1,1,2,1,63.49004015316053,1
1,1,2,2,2,1,27.16800695500978,1
1,2,1,1,3,2,70.54438972447757,1
0,5,3,3,5,4,55.56149161235175,1
1,4,1,3,4,3,37.24231603391242,1
1,2,4,2,4,3,8.525979878687487,1
1,4,2,1,4,3,55.150329122931865,1
0,3,3,4,3,3,23.20320204188178,1
0,4,2,3,4,3,72.85073160003574,1
0,4,2,2,4,3,22.362470804552004,1
0,4,3,3,4,3,47.243474495085366,1
0,3,3,4,3,3,31.73595683909869,1
0,4,3,2,4,3,100.4016064257028,1
0,3,3,2,4,3,33.30874830482263,1
0,3,3,2,3,3,19.921200584355216,1
0,3,3,3,4,3,29.928918817807705,1
0,3,2,3,4,3,22.14076607050604,1
1,2,1,2,3,2,137.80255342849873,1
0,4,3,2,3,3,95.50353752899214,1
1,3,2,2,3,2,22.260745679328394,1
1,3,3,2,3,3,82.21626452189454,1
1,3,1,2,4,2,50.15841889769498,1
1,2,2,1,2,1,69.06638498415536,1
1,2,1,1,3,2,90.97194425239256,1
1,2,3,1,2,1,65.28519960345287,1
1,2,2,1,3,2,103.43014267974353,1
1,2,2,1,2,1,71.24818910852683,1
0,4,3,3,5,4,40.07855396577291,0
1,3,1,3,4,3,64.18562969,0
0,5,5,5,5,5,31.285848367921577,0
1,4,3,3,4,3,57.08088361207832,0
0,4,3,3,3,3,26.56571694228598,0
0,4,5,4,5,5,27.37600949034996,0
1,2,2,1,2,2,24.52713956512812,0
1,4,1,1,4,2,50.23081057459024,0
1,4,3,3,5,4,26.87088539567379,0
1,1,1,1,2,1,53.063915749212576,0
0,5,4,4,5,5,19.54721541031382,0
1,5,4,4,5,5,36.99707106520734,0
0,5,4,5,4,5,45.56994987305514,0
0,4,3,4,4,4,26.427061310782243,0
0,4,3,4,4,4,58.07200929152149,0
1,4,4,4,5,4,35.456277977219344,0
0,4,5,5,5,5,25.58117225721869,0
1,3,2,2,4,3,43.76603351804844,0
1,2,2,3,5,3,26.527209337577688,0
1,4,3,3,5,4,26.058631921824105,0
1,3,3,3,3,3,51.95742377773769,0
0,3,3,3,2,2,70.71903164265508,0
1,2,1,2,3,1,53.09099506212269,0
0,3,4,3,5,4,47.22313647486441,0
0,4,4,4,5,4,24.635396137169884,0
1,3,1,2,3,2,83.55025331371623,0
1,4,1,3,4,3,22.070183182520417,0
1,3,1,3,4,3,30.11570772,0
1,3,1,3,4,2,51.37149956991303,0
1,4,4,4,5,4,40.63694650973782,0
0,4,4,4,5,5,27.489141788993347,0
1,2,1,2,3,2,51.85414581097724,0
0,4,4,5,5,4,30.59351417,0
0,4,4,4,5,5,53.16653635652854,0
0,5,5,5,5,5,25.268933650999926,0
0,4,3,3,4,4,23.841059602649008,0
0,3,3,3,4,3,80.92868988391376,0
0,4,3,4,4,4,17.83107287336595,0
1,4,2,2,4,3,72.06640049038286,0
1,2,2,1,4,2,38.83079481160841,0
1,4,3,4,5,4,24.85954357877989,0
1,3,2,2,4,3,51.66044135690228,0
1,4,3,3,5,4,20.430526921862523,0
1,5,4,4,5,5,35.80635920939559,0
0,4,4,4,5,5,33.520234032179424,0
1,3,1,1,3,2,55.373240067425066,0
0,3,1,4,3,3,36.60322108345535,0
0,3,1,3,3,3,22.03249793445332,0
0,3,5,4,2,4,29.02757619738752,0
0,4,4,2,2,3,28.56734752,0
0,3,2,1,4,2,23.92702258112756,0
0,2,2,1,2,2,23.41920375,0
0,2,3,2,1,2,18.82530120481928,0
0,5,5,5,5,5,0.0,0
0,4,1,2,3,2,29.21698481,0
0,3,2,2,2,2,0.0,0
0,3,4,4,2,3,21.558693543171284,0
0,4,2,2,2,2,27.480076944215444,0
0,3,2,1,3,2,21.38427542946753,0
0,3,1,1,2,2,25.102201821702646,0
0,5,5,4,5,5,23.980815347721823,0
1,2,1,2,1,1,23.67704510477093,0
0,3,2,2,2,2,25.221953188054883,0
0,3,3,2,2,2,17.89549033643522,0
0,3,1,1,2,2,23.207240659085635,0
0,3,4,5,5,5,17.692852087756545,0
0,1,2,4,2,2,33.77237419790611,0
0,3,2,2,1,2,25.0,0
0,1,1,3,2,2,29.09514111143439,0
0,2,4,1,2,2,42.48088360237893,0
0,3,1,2,2,2,27.79708130646282,0
0,2,3,4,1,2,23.71354043158644,0
0,2,3,3,1,2,0.0,0
0,3,2,2,2,2,16.680567139282736,0
0,2,2,3,1,1,30.20235578375113,0
0,3,3,1,3,2,29.49852507374631,0
0,2,2,2,2,2,0.0,0
0,2,2,2,2,1,22.833656810138145,0
0,2,2,3,1,2,27.53303964757709,0
0,3,2,3,4,3,0.0,0
0,4,5,5,3,5,30.599755201958384,0
0,2,3,3,2,2,49.28536224741252,0
0,1,3,2,2,1,0.0,0
0,2,2,2,3,2,19.72386587771204,0
0,3,1,1,3,2,24.32892709431514,0
0,2,1,2,2,1,24.13612776056961,0
1,2,1,1,2,1,17.511090357226244,0
0,4,5,5,4,5,25.94033722438392,0
1,4,2,2,2,2,17.806267806267805,0
0,2,3,2,3,2,44.40497335701598,0
0,3,1,2,2,2,21.08370229812355,0
1,3,1,1,2,2,22.35469448584203,0
0,5,5,5,5,5,48.00768122899664,0
0,4,3,2,3,3,43.49717268377555,0
1,1,1,1,3,1,22.525739778258814,0
0,3,2,2,2,2,31.031807602792863,0
1,1,1,2,2,1,19.571660235978303,0
0,2,2,2,2,2,33.123550844650545,0
0,2,2,2,1,1,43.365134431916736,0
0,3,4,3,4,4,29.14319020788809,0
0,3,1,3,3,3,42.57130693912303,0
0,3,3,1,2,2,30.58571647040832,0
0,2,1,2,3,2,33.73819163292848,0
0,3,2,5,1,2,0.0,0
0,5,5,5,5,5,19.962072063080143,0
0,2,4,4,1,3,18.264840182648403,0
1,3,1,2,2,2,24.12836289057788,0
1,1,1,1,2,1,26.95054574855141,0
0,2,2,4,1,2,18.05706031058144,0
0,3,3,2,1,2,26.491235816150823,0
0,5,5,3,3,4,35.4861604,0
1,3,3,3,4,3,112.51571910781654,1
0,5,3,3,5,4,38.850877382314216,1
0,5,3,4,5,4,92.74717121127806,1
0,5,5,3,5,5,21.317416329140908,1
1,3,1,3,4,3,64.98034740712565,1
1,4,3,3,4,3,45.69317518957807,1
1,5,3,5,4,4,99.98000399920016,1
1,5,2,3,4,4,101.04655359076146,1
0,4,3,3,5,4,24.63314213323011,1
1,5,3,3,5,4,75.82838097589362,1
1,4,2,2,4,3,166.7719519898926,1
1,5,3,3,5,4,23.048112935753384,1
0,4,3,4,4,4,47.31711933377496,1
0,5,4,4,5,4,180.20337237739736,1
0,5,3,4,5,5,62.40072611754028,1
0,3,2,3,4,3,68.76300921796016,1
1,4,4,4,5,4,27.47630168979256,1
0,4,1,4,4,4,48.36341652992486,1
1,1,2,2,3,2,83.99649640282384,1
0,4,2,3,5,4,25.63445270443476,1
0,5,3,4,5,4,93.95062372775196,1
1,4,2,3,4,3,94.25440836,1
0,4,4,3,3,4,23.70292336,1
1,4,2,2,4,3,30.71331678226818,1
0,4,2,5,5,4,22.30151650312221,1
0,4,2,3,5,3,43.53293992,1
0,4,2,4,5,4,40.39506372321302,1
0,4,3,4,5,4,65.44051801336364,1
1,5,2,4,5,4,26.300793407267783,1
0,4,3,4,5,4,71.53075823,1
0,5,2,4,5,5,22.232103156958647,1
1,4,3,3,5,4,87.02118570321029,1
1,2,1,2,3,2,50.95287571,1
0,5,4,4,5,5,30.26176426085641,1
0,5,4,4,5,5,26.948989412897017,1
0,4,3,4,3,4,89.01273269089361,1
1,5,3,4,5,4,72.48042145,1
0,5,4,4,5,5,27.58012024932429,1
0,5,4,3,5,4,46.50829994275902,1
0,4,3,3,4,4,24.77470502616828,1
1,5,2,4,5,4,49.48249556719311,1
0,5,3,3,5,4,24.289531212047606,1
0,4,3,4,5,4,76.85551163812033,1
0,5,2,3,5,4,95.43640465035573,1
1,5,1,3,5,3,30.27378857542904,1
0,4,4,4,5,5,27.897115438263683,1
1,2,1,2,3,2,118.48341232227487,1
0,5,5,5,5,5,26.16773518251995,1
0,5,4,4,5,5,47.68717215069147,1
0,4,2,4,5,4,44.80498042729803,1
0,5,4,4,5,5,25.195263290501387,1
0,4,2,3,4,3,47.6445715,1
1,3,1,3,4,2,94.79234552,1
0,4,3,4,5,4,41.82032467779341,1
0,5,4,4,5,5,53.72836473884177,1
1,5,2,4,5,5,43.62240446693422,1
1,2,3,2,3,2,25.476928093918147,1
1,5,2,4,5,4,35.25720128336213,1
0,4,2,3,5,4,98.93090793042924,1
1,3,1,2,4,2,55.96558116758194,1
0,5,3,4,5,4,25.41511352,1
0,5,3,4,5,4,39.576096037993054,1
1,4,1,2,5,3,44.278342092362514,1
0,4,2,4,5,4,31.675641431738992,1
1,5,4,3,5,5,92.21689413500552,1
0,4,4,4,5,4,25.88996763754045,1
0,5,2,4,5,4,81.48483476686283,1
0,5,3,5,5,5,25.34533012292485,1
0,3,4,3,5,4,19.62323391,1
1,5,3,4,5,4,23.95639935317722,1
0,3,2,2,4,3,62.95879547768312,1
0,5,3,4,5,4,33.88681802778719,1
1,4,1,3,5,3,111.35647283090805,1
1,4,2,2,4,3,57.43317870554451,1
1,3,2,1,4,2,55.11748636703423,1
0,5,4,4,5,4,59.01311907,1
1,5,2,4,5,4,74.77906186267845,1
0,4,4,3,4,4,71.92950908110052,1
1,2,3,3,4,3,58.378424529610776,1
1,5,2,3,5,4,99.08218606591572,1
0,4,2,4,5,4,22.629554197782305,1
1,2,3,3,4,3,68.30775516,1
1,3,1,2,4,2,43.98504508467121,1
1,4,2,3,5,3,71.47730595535917,1
1,5,3,4,5,5,25.09410288582184,1
1,5,3,5,5,4,94.73390916689884,1
1,5,3,4,5,5,89.09386300508359,1
0,5,2,5,5,5,17.727353306151393,1
0,5,3,4,5,4,27.43210553879149,1
1,2,2,2,4,2,61.883151915204216,1
0,5,4,3,5,4,23.75014843842774,1
0,4,3,3,5,4,32.33011991535387,1
0,5,3,5,5,4,68.25162097599818,1
1,1,1,1,1,1,35.011792166111505,1
1,3,1,1,3,1,74.83123169023054,1
0,5,4,4,4,5,29.426019525029425,0
0,5,3,3,2,4,23.23555039209992,0
0,4,3,3,4,3,18.25296325450335,0
1,4,3,4,2,3,44.482186906061706,0
1,4,2,2,4,3,22.857142857142858,0
1,3,1,2,3,2,0.0,0
1,5,3,4,4,4,18.863969817648293,0
1,3,2,2,3,2,24.049197787473805,0
0,5,3,4,2,4,28.04655728509325,0
1,3,2,2,3,2,23.792529145848203,0
1,4,1,2,3,3,17.88314641187441,0
0,3,2,5,1,3,27.480076944215444,0
0,5,5,3,5,5,24.46034366782853,0
1,4,2,2,4,3,13.600959925527189,0
1,3,2,2,4,3,21.68183229237225,0
0,2,1,3,2,2,27.47755999267265,0
0,1,4,3,2,2,0.0,0
0,4,3,3,4,3,27.850498523923576,0
1,3,3,4,3,3,9.627418889,0
1,3,1,1,3,2,14.183600802555413,0
1,3,3,1,4,3,7.146396310553798,0
0,1,3,2,4,2,21.76752286,0
0,2,3,2,5,3,0.0,0
0,5,5,5,5,5,27.712345850076208,0
0,4,2,3,3,3,23.72479240806643,0
1,4,2,3,4,3,22.966067635069184,0
0,3,2,3,3,3,20.18661403193971,0
1,5,2,3,5,4,22.58582613932945,0
0,4,3,4,3,4,22.93052052281587,0
1,4,2,3,4,4,22.06531332744925,0
1,5,4,3,5,4,2.865432142985064,0
0,4,3,4,4,4,23.75108859156045,0
1,2,2,3,3,2,33.18400530944085,0
0,4,3,4,5,4,26.36261780794833,0
0,5,3,3,4,4,25.396825396825395,0
1,4,1,1,3,2,23.63942005,0
0,4,3,4,4,4,17.558577365042822,0
0,4,3,3,3,3,28.33262501770789,0
1,4,2,2,4,3,28.93797627085946,0
0,4,4,5,5,5,33.840947546531304,0
0,4,3,5,5,5,30.97893432465923,0
0,3,3,5,4,4,23.59603586597452,0
1,2,1,1,2,1,17.256294317942146,0
0,3,4,4,4,4,32.98153034300792,0
0,3,2,3,3,3,24.047710657945363,0
1,2,1,2,2,1,20.12331567847772,0
0,4,3,3,4,3,22.21235006663705,0
0,4,5,3,4,4,24.142926122646063,0
0,4,3,3,3,3,36.010082823190494,0
1,5,3,2,5,4,17.17078325188218,0
0,4,4,3,4,4,0.0,0
0,5,4,3,4,4,20.733982998133943,0
0,4,3,4,4,4,26.068821689259646,0
1,5,4,5,5,5,33.40571237681644,0
0,4,5,5,4,5,44.26737494466578,0
0,4,2,4,4,4,28.360748723766307,0
1,3,2,2,3,2,25.30785251729569,0
0,5,5,5,4,5,22.527596305474205,0
0,5,4,4,4,4,26.261883502284785,0
0,4,2,5,5,4,19.135093761959432,0
1,2,1,1,2,1,16.03392301,0
0,5,4,4,4,4,24.20135527589545,0
0,1,4,4,3,3,44.70272686633885,0
0,5,5,5,5,5,27.670171555063643,0
0,4,4,4,4,4,28.52253280091272,0
0,5,5,4,5,5,26.064291920069504,0
0,4,4,4,3,4,27.39425816348893,0
1,5,4,3,3,4,22.84938339306815,0
0,1,4,4,5,4,49.30966469428008,0
1,4,1,2,3,2,11.858324231549384,0
1,4,3,2,4,4,18.11437729728692,0
0,4,2,1,4,3,22.145124381781944,0
1,5,5,4,5,5,23.168259484506223,0
0,5,2,3,5,4,23.69878839944308,0
0,3,2,3,3,2,24.087679152113694,0
0,4,3,4,5,4,25.994281258123213,0
0,4,3,4,3,4,32.85151117,0
0,2,3,3,5,3,0.0,0
1,2,1,1,2,1,13.308841165561985,0
0,3,1,4,3,3,28.37952889982026,0
0,4,4,3,4,4,25.52974214960429,0
0,5,5,4,5,5,21.57264589,0
0,5,4,5,2,4,25.660764690787783,0
1,3,2,2,3,2,29.89013784441229,0
0,5,5,3,2,4,30.23888720895071,0
0,1,2,4,2,2,23.31727032,0
0,2,3,4,1,2,0.0,0
1,3,3,3,4,3,26.798874447273214,0
0,4,3,4,4,4,24.54590083456063,0
0,4,4,4,4,4,26.055237102657635,0
1,4,1,3,3,3,19.31884956250856,0
1,3,3,3,3,3,7.300276599368932,0
0,5,4,3,4,4,25.792188651436994,0
1,4,1,1,4,2,14.934187749893084,0
0,5,4,4,4,4,25.709143885508613,0
0,4,4,4,2,4,31.625553447185325,0
0,3,4,3,4,3,24.295432458697764,0
0,3,3,3,3,3,18.011527377521613,0
0,4,2,4,4,4,25.30364372469636,0
1,4,2,3,4,3,26.96677693082123,0
1,3,3,2,3,3,21.83003826796688,0
0,4,4,3,3,4,16.55853441917177,0
0,5,5,2,4,4,33.523298692591354,0
0,5,3,4,4,4,17.205781142463866,0
1,3,1,1,4,2,15.617763320875026,0
0,2,4,1,2,2,24.09058058299205,0
0,4,2,4,4,4,25.248380947571736,0
1,5,4,3,5,4,4.2253487119929884,0
0,5,1,4,4,3,25.78722672702788,0
0,5,4,3,4,4,25.666253154810285,0
1,3,1,3,2,2,23.977719165575373,0
0,4,1,3,4,3,25.108804820890526,0
0,5,4,4,5,5,26.31348127357249,0
0,5,5,4,3,5,24.70966147763776,0
1,4,4,5,4,4,28.727377190462512,0
1,4,1,3,4,3,11.227376835676113,0
0,5,3,3,4,4,22.954733265999447,0
1,3,3,2,4,3,0.0,0
0,4,4,3,3,4,22.558087074216107,0
0,4,4,3,4,4,27.25166916473634,0
0,4,4,4,5,4,25.252525252525253,0
0,1,4,2,2,2,45.02476361999099,0
1,4,4,3,4,4,16.60124983695201,0
0,5,4,5,5,5,19.16443081640476,0
0,5,4,4,4,5,21.69406546786868,0
1,4,1,3,4,3,18.407555984359924,0
1,5,4,4,5,5,25.07019655034096,0
0,5,4,4,4,4,26.695141484249863,0
1,4,1,2,3,2,23.249575248144502,0
1,1,1,1,1,1,23.071007433991284,0
0,2,1,2,4,2,0.0,0
0,2,2,4,4,3,0.0,0
0,2,2,3,2,2,27.72002772002772,0
0,3,2,4,2,3,22.456770716370983,0
0,1,5,2,5,4,0.0,0
0,4,4,4,5,5,27.94857462269424,0
0,5,4,3,4,4,25.09646453555856,0
0,3,3,4,3,3,26.267402153926977,0
0,4,3,4,3,4,18.13565469713457,0
0,5,4,4,4,4,22.12226237003171,0
1,4,1,3,3,3,24.561575870707863,0
0,5,5,4,5,5,27.32613745047137,0
0,3,2,3,4,3,25.440113971710595,0
0,4,2,3,4,3,23.87489554733198,0
0,3,3,5,5,4,23.63647107486852,0
1,5,2,4,4,4,25.445940100257005,0
0,4,3,4,4,4,25.56563978,0
0,3,4,3,3,3,28.51439977,0
0,5,5,4,3,5,25.0501002,0
0,2,1,5,2,3,25.4790053,0
0,4,4,3,3,4,0.0,0
1,3,2,2,4,3,20.700280302156223,0
1,4,3,4,5,4,17.473353136466887,0
0,4,2,4,4,4,24.265954865323952,0
1,4,2,2,4,3,12.736550613408712,0
0,1,5,3,2,3,0.0,0
0,5,4,4,3,5,21.67160297623348,0
0,4,3,5,5,5,29.43773918163085,0
1,4,3,4,2,4,18.34525775,0
0,1,1,2,2,1,24.606299212598422,0
0,4,4,4,5,4,24.510471418066945,0
0,5,4,3,5,5,15.836705965159249,0
1,4,1,2,4,3,18.781302170283805,0
0,3,2,3,3,3,46.23208506703652,0
1,4,2,2,2,2,14.119126924533267,0
0,4,3,4,5,4,24.61841457410143,0
0,3,2,3,4,3,20.529665366454527,0
0,5,4,4,3,5,22.23457476375764,0
0,4,2,4,4,4,25.79446966570368,0
1,3,1,1,2,1,25.82639650457069,0
0,5,4,4,4,4,27.04408185342108,0
0,5,3,4,5,4,23.709792144155536,0
0,3,3,3,5,3,0.0,0
0,4,3,2,4,3,32.033681127585574,0
0,5,2,4,5,4,18.681113394358302,0
1,5,4,5,5,5,28.292544914415053,0
0,5,3,5,4,5,26.63647865752148,0
1,4,3,3,3,3,35.70755791231686,0
0,4,4,2,3,3,28.36343008414484,0
1,3,3,2,4,3,48.33252779120348,0
1,5,3,4,4,4,22.686296283029456,0
0,4,2,3,3,3,25.069837404197408,0
0,4,3,4,4,4,25.240839678599976,0
1,3,1,2,2,1,22.653538401792865,0
0,5,4,3,3,4,30.23888720895071,0
0,5,5,4,4,5,25.274864147605207,0
0,4,2,5,5,4,21.46705879827405,0
1,4,4,4,3,4,13.947802400662932,0
0,3,5,5,5,5,27.99552071668533,0
0,5,1,3,5,3,27.058717416794444,0
1,3,1,2,4,2,17.88449725123053,0
0,4,4,3,2,3,27.58620689655172,0
0,1,4,5,3,3,29.86857825567503,0
0,5,4,5,5,5,24.08671216378964,0
0,5,4,5,3,5,20.77850118,0
0,4,4,3,4,4,27.34107997265892,0
0,2,1,1,4,2,0.0,0
1,4,3,3,5,4,24.188184072080787,0
1,2,1,1,2,1,23.860924894898307,0
0,4,3,4,4,4,28.815675727595814,0
1,5,4,4,4,4,16.91824726958287,0
0,3,4,5,4,4,28.93797627085946,0
0,4,4,5,5,5,23.37540906965872,0
0,5,3,3,5,4,25.76181363167967,0
1,5,3,3,5,4,23.98584834947381,0
0,4,4,3,4,4,34.007821799013776,0
0,4,4,2,3,3,31.53579313,0
0,5,4,5,4,5,23.102691463555505,0
0,2,3,5,3,3,30.09328919650918,0
0,4,4,4,5,4,23.34176230305388,0
0,4,4,3,3,3,32.583903551645484,0
1,2,1,3,3,2,15.01740653939794,0
1,2,1,2,2,2,23.06007148622161,0
0,5,4,3,5,5,14.283900457084815,0
0,4,4,4,4,4,20.435271278226217,0
0,3,2,2,4,2,0.0,0
0,1,3,4,1,2,0.0,0
0,2,4,3,3,3,25.40650406504065,0
0,5,5,3,5,5,26.181437360911115,0
1,3,2,1,3,2,18.94708628215549,0
1,3,2,3,3,3,14.789180235739533,0
0,3,4,5,5,5,0.0,0
0,5,5,5,4,5,23.57749135491984,0
0,2,3,4,2,3,0.0,0
0,4,4,3,4,4,24.54590083456063,0
1,4,2,2,3,3,7.741003234019129,0
1,1,1,1,2,1,24.821978512005128,0
0,4,3,5,5,5,27.855153203342617,0
0,5,4,5,5,5,23.396191100088902,0
1,5,2,4,5,4,22.33527732969351,0
0,4,5,3,2,4,28.776978417266186,0
0,4,3,4,4,4,25.87322122,0
0,5,3,4,5,4,18.419221480905406,0
0,5,2,3,4,4,16.958733747880157,0
1,4,3,3,3,3,14.287441339062964,0
0,5,4,1,5,4,12.870749077596315,0
1,5,2,2,4,3,25.505324236434355,0
0,5,4,3,3,4,26.325026325026325,0
0,3,2,3,3,2,23.158869847151458,0
1,5,4,3,4,4,27.067058637775087,0
0,4,2,4,4,4,21.75121444280639,0
0,3,4,4,3,3,17.72421127259837,0
1,4,4,3,4,4,18.918182643702515,0
0,5,3,5,3,4,22.969144782175945,0
0,5,4,3,5,5,27.34232592052497,0
1,2,1,1,3,1,11.414152325939272,0
1,4,2,2,3,2,19.37817586771165,0
0,5,4,3,3,4,25.89667227761233,0
1,4,1,2,3,2,25.76945996875453,0
0,4,2,4,4,3,23.14921987129033,0
0,5,4,5,3,4,24.05002405002405,0
0,3,3,4,2,3,27.359781121751027,0
0,5,5,4,5,5,27.903732124171608,0
0,4,4,4,5,5,24.779053440158584,0
0,3,2,3,1,2,31.07037439801149,0
1,4,2,1,3,2,56.280080732805466,0
1,3,3,1,3,2,29.45532888978657,0
0,4,3,2,3,3,149.52008874740753,0
0,3,2,2,1,2,0.0,0
1,3,1,1,2,2,47.98173050058914,0
0,4,3,2,1,2,79.68921207291562,0
0,4,3,2,4,3,28.38221381267739,0
0,3,3,2,2,2,19.92031873,0
0,2,2,1,2,2,21.21340687314383,0
0,4,2,1,2,2,58.63751544470273,0
1,4,1,1,3,2,28.552393642333683,0
0,3,2,2,2,2,27.716186252771617,0
0,3,2,2,3,2,23.801967629324025,0
1,2,1,1,1,1,18.78816345702208,0
0,5,4,3,4,4,0.0,0
0,3,2,1,1,1,43.78283712784589,0
1,2,2,1,2,1,66.36046271091186,0
0,4,4,2,4,4,25.74002574002574,0
0,4,4,1,3,3,49.035060067948585,0
0,4,2,2,3,3,57.380576674795584,0
0,1,2,1,1,1,46.14319772360225,0
1,4,1,2,4,2,70.98377052882908,0
0,4,3,2,2,3,44.06742315743087,0
1,2,2,1,2,1,52.28855483296908,0
0,2,2,1,1,1,50.18820577164367,0
1,3,2,1,1,1,58.56842964220612,0
0,2,2,2,3,2,36.81885125184094,0
1,4,1,1,3,2,73.75853610024531,0
0,1,1,1,2,1,27.081189405838703,1
0,2,3,2,2,2,46.57151467002712,1
0,2,2,1,3,2,48.60818561845815,1
1,1,2,1,2,1,55.44825867547193,1
0,3,2,2,4,2,32.39915762190183,1
1,3,1,2,4,2,65.80976863753213,1
1,1,2,2,2,1,28.797696184305256,1
0,1,3,2,2,1,39.783577339274345,1
0,2,2,1,3,2,41.52680209018237,1
0,3,2,3,3,3,73.86615452799528,1
0,2,3,2,3,2,63.193254951524125,1
0,1,2,1,2,1,35.615555517867136,1
0,1,3,2,2,1,64.20692976220505,1
0,1,3,1,2,1,75.14223351343615,1
0,3,4,3,4,4,42.34724742891712,0
1,1,1,1,2,1,15.342276602069289,0
0,4,4,4,4,4,25.127206482819272,0
1,4,1,3,3,3,23.450324396154148,0
1,4,1,3,2,2,25.000781274414827,0
1,4,1,3,4,3,26.11989029646076,0
1,1,1,1,2,1,25.653273888505563,0
1,3,2,2,3,2,28.25238799946186,0
0,3,4,4,1,3,21.939447125932425,0
1,3,1,2,3,2,32.49580804076274,0
0,3,4,4,5,4,30.248033877797944,0
1,3,1,2,3,2,36.15328995,0
0,5,4,4,5,4,24.13564230978097,0
0,4,5,5,5,5,107.95405475429658,0
1,5,3,4,4,4,23.48796241926013,0
1,4,2,2,4,3,32.69101541926227,0
1,4,1,2,4,3,67.47638326585695,0
0,4,2,3,5,4,50.44899606497831,0
1,3,2,3,4,3,28.22466836014677,0
0,4,3,4,5,4,24.525833878351865,0
1,2,1,1,3,1,52.435066402683226,0
1,2,1,1,2,1,27.95834207031523,0
1,3,3,3,4,4,19.24927815206929,0
1,3,1,2,3,2,116.44059486844256,0
0,4,1,2,4,3,20.472924557273007,0
0,5,5,4,5,5,124.15054887611082,0
1,5,2,2,4,3,24.86236902859173,0
0,3,3,3,4,3,26.954177897574123,0
1,1,2,1,2,1,27.09890748150521,0
1,2,1,1,2,1,85.26277104005881,0
1,3,2,2,4,3,25.66241098,0
1,3,1,2,3,2,23.036166781847506,0
1,4,2,3,3,3,53.35230304108127,0
1,3,1,1,3,2,80.17395318327037,0
1,4,3,4,5,4,82.98263292039594,0
1,3,1,2,3,2,75.63274898030848,0
1,2,1,1,1,1,22.748987670048685,0
0,4,4,4,5,5,26.350461133069828,0
1,3,2,1,4,2,26.198585276395075,0
0,5,5,3,5,5,25.645409471704564,0
0,3,3,4,5,4,25.49213992352358,0
1,1,1,1,2,1,51.85960723686141,0
1,1,1,1,3,1,54.67179836046732,0
0,4,3,4,5,4,45.96908578980636,0
0,1,1,2,2,1,44.84304932735426,0
1,3,1,1,2,2,44.411136092375166,0
1,1,2,1,2,1,38.94297635605007,0
0,3,1,3,4,3,28.01120448179272,0
0,3,1,1,3,2,91.05304829770388,0
1,3,2,2,3,2,86.65511265164645,0
0,2,3,4,1,2,27.13704206,0
0,5,5,4,5,5,68.24294488378628,0
1,1,1,1,2,1,24.83203884834522,0
0,3,2,3,4,3,46.57933042212518,0
0,4,3,3,4,4,24.09638554216868,0
0,3,1,2,4,2,22.86236854138089,0
1,2,2,3,3,2,22.60397830018083,0
0,3,2,3,3,3,25.63363132429748,0
0,2,2,4,2,2,27.96420581655481,0
1,2,3,1,4,2,29.827105639380008,0
1,2,3,2,3,2,26.970534690850247,0
1,2,1,1,2,1,54.86010673,0
0,2,3,4,3,3,24.75656048852946,0
0,2,3,3,2,2,24.445893089960887,0
0,4,4,4,3,4,25.57381241608593,0
0,3,1,2,3,2,100.36417859088694,0
0,4,3,3,4,4,46.29824487562608,0
0,4,3,4,5,4,27.502750275027505,0
0,4,3,3,5,4,22.438774201820745,0
1,2,1,1,2,1,42.42381390086969,0
0,3,4,2,3,3,25.99991333362222,0
1,5,3,1,5,3,42.48088360237893,0
1,2,1,1,2,1,36.29150418141244,0
1,4,4,4,4,4,78.44960339367174,0
1,2,2,1,1,1,26.96871628910464,0
0,4,4,2,4,4,22.552999548940008,0
1,2,1,1,3,2,57.65842720623565,0
0,4,2,2,4,3,26.72605791,0
1,4,1,1,4,2,20.40113736340801,0
0,4,4,4,5,4,71.49751546133771,0
1,4,4,4,5,5,26.81204754669765,0
0,3,3,2,4,3,67.66689222297407,0
0,4,4,4,4,4,41.25281629803573,0
0,4,2,2,4,3,27.33584823137062,0
1,3,1,1,3,1,59.60628885052756,0
1,2,1,1,3,1,45.86235560523978,0
0,3,2,3,5,3,29.71326697370376,0
1,5,4,4,4,4,25.568908207619536,0
0,4,3,5,4,4,83.01242881,0
1,3,2,2,3,2,115.95846110237844,0
1,3,2,3,3,3,42.153879989736446,0
0,4,3,2,4,3,91.28251939753537,0
0,4,5,4,5,5,92.32919099665618,0
0,3,3,4,4,4,75.41736656268212,0
1,2,2,1,2,1,34.36990989106233,0
1,1,2,1,2,1,25.74716286070785,0
1,4,3,3,4,3,23.06805074971165,0
0,5,4,3,5,4,30.257186081694403,0
1,1,4,1,1,1,24.15565022618473,0
1,2,2,1,3,2,54.46109248093862,0
1,2,1,3,3,2,91.14731685,0
0,3,4,4,4,4,17.699115044247787,0
0,3,3,4,3,3,40.13220018885741,0
0,3,4,3,2,3,17.969451931716083,0
1,1,1,1,1,1,59.27180355630821,0
1,1,1,1,1,1,22.06369051996764,0
0,2,2,5,2,3,23.772732675621064,0
1,1,2,1,1,1,82.57638315441784,0
0,2,3,5,2,3,29.163021289005545,0
1,3,2,2,4,3,52.63581135910052,0
1,2,4,1,3,2,19.23853864060485,0
1,5,4,4,5,5,94.03546480386888,0
0,1,4,1,2,2,28.425241614553723,0
1,1,3,1,2,2,25.395213002349056,0
1,2,2,2,2,2,51.03404699992709,0
1,5,2,1,4,3,25.27326720161749,0
0,3,3,5,3,4,81.17482104641724,0
1,3,3,2,4,3,53.41233219166767,0
1,3,3,2,4,3,69.18331135745797,0
0,2,5,5,2,4,25.13826043237808,0
1,3,3,5,3,4,87.50820389411507,0
1,2,2,1,2,2,24.85913158766987,0
1,3,3,3,4,3,78.06726275,0
1,4,4,1,5,3,23.27475852438031,0
1,1,3,2,3,2,96.87553339207372,0
1,2,3,4,3,3,77.52016027544826,0
1,1,1,2,2,1,75.12850929221035,0
1,2,2,3,2,2,45.39077329371957,0
1,2,1,2,3,2,32.16135812820896,0
1,2,2,1,3,2,48.473205212870745,0
1,3,2,3,4,3,23.401666198633343,0
1,3,2,1,3,2,26.68801708033093,0
1,1,2,2,1,1,95.06746133313833,0
0,4,4,2,3,3,26.17801047120419,1
1,3,2,4,4,3,22.61113372224484,1
1,2,2,1,3,2,40.52922637172767,1
1,2,3,2,2,2,24.076724495391986,1
0,2,2,3,2,2,46.59512943852869,1
1,2,2,1,2,2,33.04553408458326,1
1,2,2,2,3,2,25.182573659027952,1
1,3,2,2,3,3,46.66809263616389,1
1,4,2,1,4,3,27.43073738809506,1
0,3,2,4,3,3,26.181437360911115,1
1,4,3,1,3,3,20.49880423641954,1
0,1,3,1,2,2,44.82294935006723,1
0,4,3,2,3,3,24.8568032,1
0,4,3,3,3,3,56.153748964665255,1
0,2,3,2,3,2,37.44710596282751,1
0,1,4,2,1,1,23.07717667227113,1
1,1,1,1,2,1,39.094996513668825,1
1,2,2,1,3,2,33.78798235257565,1
0,2,3,1,3,2,28.047212808227183,1
0,2,3,2,2,2,23.88915432393693,1
0,3,2,3,3,3,27.73229095134964,1
0,2,2,2,1,1,29.05287623474724,1
0,4,3,3,3,3,40.943334425155584,1
0,2,4,3,2,3,26.63502748250563,1
0,3,3,3,3,3,24.10451718652076,1
1,3,1,3,3,2,23.07514806553342,1
1,3,2,1,3,2,40.94148609190103,1
0,1,3,1,1,1,24.91280518186348,1
1,2,2,2,2,2,37.35214774849554,1
1,3,2,2,3,2,26.51113467656416,1
1,2,2,1,2,2,48.77090723114378,1
1,2,2,2,3,2,32.51972280023628,1
1,3,2,2,3,2,32.004389173372346,1
1,2,2,1,3,2,24.783054398804406,1
0,3,1,3,3,3,24.685262898049864,1
1,3,3,2,2,2,46.81569663428581,1
1,2,2,1,2,1,29.56195852743302,1
0,3,2,1,5,2,23.160820314144942,1
1,4,3,3,4,3,23.82096325515481,1
0,5,4,4,5,5,23.679848448969928,1
1,4,1,2,4,3,216.9315531028473,1
1,5,5,5,5,5,232.6073165574117,1
0,5,4,3,3,4,27.656779368042592,1
1,5,4,3,5,4,140.5870575,1
1,2,4,3,3,3,345.6733903935916,1
0,4,5,4,4,5,26.73082063619353,1
1,5,5,4,5,5,22.14103841470165,1
0,5,4,3,5,5,23.914863087408825,1
1,5,4,4,5,5,134.97964241458666,1
0,5,4,2,5,4,23.5377192,1
0,4,2,3,4,3,25.48853016142736,1
0,3,4,3,4,4,89.93816750983699,1
1,5,4,3,4,4,149.22191430398635,1
1,4,4,3,3,3,156.54143351985078,1
0,4,3,3,4,4,21.51771625304834,1
0,3,3,3,3,3,93.05707016,1
0,4,4,3,4,4,68.49549642111032,1
1,3,2,1,3,2,135.0596963858025,1
1,2,3,3,3,3,180.3455040182244,1
0,4,4,4,3,4,24.357569114602363,1
1,5,5,4,5,5,200.1675821618099,1
0,5,5,4,4,5,224.64880850821817,1
0,5,5,5,5,5,241.7007842943817,1
0,4,3,2,5,4,44.07927216305804,1
1,4,4,3,5,4,58.83081496160515,1
0,5,4,4,5,4,173.6881005173688,1
0,4,3,4,4,4,206.5846834537055,1
1,4,3,3,4,3,90.56002318336591,1
0,5,5,5,5,5,266.15523112450586,1
1,1,2,1,3,2,76.82807044842308,1
0,4,3,4,5,4,22.22880853586248,1
0,4,2,3,5,4,154.16238437821173,1
0,4,4,3,3,4,124.3056364837043,1
1,1,3,3,2,2,87.84705365605566,1
0,3,4,4,4,4,27.43107941,1
0,5,2,3,5,4,26.27430373095113,1
0,4,5,4,3,4,23.20185614849188,1
1,4,3,2,5,4,68.06143284112095,1
1,3,2,2,4,3,116.31390656116172,1
1,3,5,4,3,4,216.5250925676801,1
0,4,3,4,4,4,54.63174787448356,1
0,4,5,4,4,4,29.86857825567503,1
0,5,4,5,4,5,75.79411562,1
0,5,4,4,5,5,142.5891181988743,1
0,5,3,3,5,4,23.600212401911616,1
0,3,3,3,5,3,28.89338341519792,1
0,5,4,4,5,5,22.22222222222222,1
0,4,4,3,4,4,24.358557973367976,1
1,4,4,5,5,5,274.0257535708223,1
0,4,5,4,5,5,136.05442176870747,1
0,5,4,4,4,4,87.51640932674877,1
1,3,3,4,5,4,17.164435290078956,1
1,3,3,3,4,3,107.81108715309176,1
0,5,5,5,5,5,279.5403114877757,1
0,4,3,3,4,4,68.98590716467922,1
0,2,3,2,3,2,25.100401606425702,1
0,2,3,3,3,3,19.75937472556424,1
0,2,2,2,3,2,26.68979782478148,1
1,2,1,1,3,2,28.056940001013167,1
0,3,1,1,4,2,22.631261315630656,1
0,3,2,3,3,2,26.21403761714398,1
1,3,2,1,4,2,22.15374700420921,1
1,3,3,1,3,2,17.36248125641228,1
0,4,3,4,3,4,26.097546830597924,1
1,3,2,1,3,2,63.54810238305384,1
0,3,2,2,4,3,24.367956137678952,1
1,1,1,1,3,1,56.30608841023339,1
0,3,2,2,4,3,58.82086783403466,1
0,1,2,2,2,1,25.299071162673027,1
1,3,2,2,4,3,22.880677268047133,1
0,3,1,1,4,2,22.54893118066204,1
1,2,1,1,3,1,23.55088463010392,1
0,3,1,2,4,3,22.351363433169425,1
1,3,2,1,4,2,36.28589361368272,1
0,4,3,3,4,3,21.95871761089152,1
0,3,2,1,4,2,17.400382808421785,1
1,3,1,1,3,2,24.291497975708506,1
0,3,3,3,3,3,26.481648217785075,1
1,3,1,1,3,2,25.26209422761147,1
0,3,2,2,3,2,17.094017094017094,1
0,4,3,2,4,3,53.48633667217738,1
0,3,2,1,4,2,50.8646999,1
0,4,4,2,4,3,37.88022273570969,1
1,3,2,1,4,2,88.14980702339544,1
1,3,2,1,3,2,24.43912214673249,1
1,1,1,1,3,1,38.28549065,1
0,4,3,2,3,3,23.81944857976538,1
0,3,3,4,3,3,25.754610075203463,1
0,3,3,2,4,3,24.84824819850201,1
0,3,2,2,4,3,51.13622190625858,1
1,2,2,1,3,2,25.85563689821005,1
0,3,2,2,4,3,21.90313944998784,1
0,4,3,3,4,3,79.56504442381647,1
0,4,5,4,5,5,22.43661655822302,1
1,2,3,2,4,2,102.27089539896116,1
0,3,2,2,3,3,30.860795767662296,1
1,3,2,2,4,3,24.01601067378252,1
0,2,2,2,2,2,25.278058645096056,1
1,2,1,1,3,1,31.353307773970155,1
1,1,2,1,2,1,31.95435092724679,1
0,3,1,2,2,2,27.21458702,1
1,3,1,1,4,2,22.015117047038967,1
0,3,2,2,3,2,20.69774394590989,1
0,2,1,1,4,2,24.09604399654151,1
0,3,2,2,3,2,29.182169694316773,1
1,3,3,2,4,3,68.76273265152176,1
0,3,4,3,4,3,22.673166307674865,1
1,3,2,2,4,2,69.57126706670145,1
0,3,3,4,3,3,28.02690582959641,1
1,2,1,1,2,1,14.989737794894264,1
0,2,2,2,3,2,55.27741364878311,1
0,2,2,3,2,2,24.333860566978952,1
0,3,1,2,4,2,21.747535279335008,1
1,2,2,1,4,2,35.568973444724946,1
0,3,2,2,3,2,24.36528434286828,1
0,3,2,2,4,3,23.71193387757868,1
0,3,3,3,4,3,42.704158728073054,1
0,2,2,3,1,2,56.14560426706593,1
0,3,2,1,3,2,49.50446996243485,1
0,2,3,3,2,2,25.50207204335352,1
1,2,1,1,3,2,50.96610753848691,1
1,1,1,1,2,1,46.032015013518745,1
0,3,3,2,4,3,17.316350482933775,1
0,4,3,3,4,3,24.75451769948016,1
1,2,3,1,4,2,47.79127602706992,1
0,2,2,2,4,2,23.09123755450211,1
0,1,3,1,4,2,26.42985516,0
0,4,2,2,2,2,25.144581342720645,0
0,4,3,2,2,3,28.882058052936685,0
0,3,3,2,3,3,63.71049949,0
0,3,2,2,2,2,21.092596498628986,0
0,2,2,3,2,2,27.45744096650192,0
0,3,2,4,2,3,36.87043728338618,0
0,3,2,2,2,2,22.146759190905065,0
0,2,2,4,2,2,20.916126333403053,0
0,1,2,2,1,1,23.33177788147457,0
1,3,2,2,3,2,24.88103753926539,0
0,3,1,2,1,2,26.96435312516853,0
1,3,3,2,2,2,46.98841364642456,0
0,2,4,3,1,2,40.03202562,0
0,1,2,2,1,1,24.069043771275314,0
0,3,2,3,3,2,22.88329519450801,0
0,2,1,2,1,1,23.39259457291806,0
0,2,3,1,1,1,29.90430622009569,0
0,4,3,2,3,3,53.55708292421673,0
0,1,3,1,1,1,22.101401228837908,0
0,4,2,1,2,2,52.64921265495621,0
0,3,1,3,2,2,23.949227637408693,0
0,3,2,2,2,2,27.874564459930312,0
